ברכות ב א,1
ברכות ב ב,2
ברכות ג א,3
ברכות ג ב,4
ברכות ד א,5
ברכות ד ב,6
ברכות ה א,7
ברכות ה ב,8
ברכות ו א,9
ברכות ו ב,10
ברכות ז א,11
ברכות ז ב,12
ברכות ח א,13
ברכות ח ב,14
ברכות ט א,15
ברכות ט ב,16
ברכות י א,17
ברכות י ב,18
ברכות יא א,19
ברכות יא ב,20
ברכות יב א,21
ברכות יב ב,22
ברכות יג א,23
ברכות יג ב,24
ברכות יד א,25
ברכות יד ב,26
ברכות טו א,27
ברכות טו ב,28
ברכות טז א,29
ברכות טז ב,30
ברכות יז א,31
ברכות יז ב,32
ברכות יח א,33
ברכות יח ב,34
ברכות יט א,35
ברכות יט ב,36
ברכות כ א,37
ברכות כ ב,38
ברכות כא א,39
ברכות כא ב,40
ברכות כב א,41
ברכות כב ב,42
ברכות כג א,43
ברכות כג ב,44
ברכות כד א,45
ברכות כד ב,46
ברכות כה א,47
ברכות כה ב,48
ברכות כו א,49
ברכות כו ב,50
ברכות כז א,51
ברכות כז ב,52
ברכות כח א,53
ברכות כח ב,54
ברכות כט א,55
ברכות כט ב,56
ברכות ל א,57
ברכות ל ב,58
ברכות לא א,59
ברכות לא ב,60
ברכות לב א,61
ברכות לב ב,62
ברכות לג א,63
ברכות לג ב,64
ברכות לד א,65
ברכות לד ב,66
ברכות לה א,67
ברכות לה ב,68
ברכות לו א,69
ברכות לו ב,70
ברכות לז א,71
ברכות לז ב,72
ברכות לח א,73
ברכות לח ב,74
ברכות לט א,75
ברכות לט ב,76
ברכות מ א,77
ברכות מ ב,78
ברכות מא א,79
ברכות מא ב,80
ברכות מב א,81
ברכות מב ב,82
ברכות מג א,83
ברכות מג ב,84
ברכות מד א,85
ברכות מד ב,86
ברכות מה א,87
ברכות מה ב,88
ברכות מו א,89
ברכות מו ב,90
ברכות מז א,91
ברכות מז ב,92
ברכות מח א,93
ברכות מח ב,94
ברכות מט א,95
ברכות מט ב,96
ברכות נ א,97
ברכות נ ב,98
ברכות נא א,99
ברכות נא ב,100
ברכות נב א,101
ברכות נב ב,102
ברכות נג א,103
ברכות נג ב,104
ברכות נד א,105
ברכות נד ב,106
ברכות נה א,107
ברכות נה ב,108
ברכות נו א,109
ברכות נו ב,110
ברכות נז א,111
ברכות נז ב,112
ברכות נח א,113
ברכות נח ב,114
ברכות נט א,115
ברכות נט ב,116
ברכות ס א,117
ברכות ס ב,118
ברכות סא א,119
ברכות סא ב,120
ברכות סב א,121
ברכות סב ב,122
ברכות סג א,123
ברכות סג ב,124
ברכות סד א,125
שבת ב א,126
שבת ב ב,127
שבת ג א,128
שבת ג ב,129
שבת ד א,130
שבת ד ב,131
שבת ה א,132
שבת ה ב,133
שבת ו א,134
שבת ו ב,135
שבת ז א,136
שבת ז ב,137
שבת ח א,138
שבת ח ב,139
שבת ט א,140
שבת ט ב,141
שבת י א,142
שבת י ב,143
שבת יא א,144
שבת יא ב,145
שבת יב א,146
שבת יב ב,147
שבת יג א,148
שבת יג ב,149
שבת יד א,150
שבת יד ב,151
שבת טו א,152
שבת טו ב,153
שבת טז א,154
שבת טז ב,155
שבת יז א,156
שבת יז ב,157
שבת יח א,158
שבת יח ב,159
שבת יט א,160
שבת יט ב,161
שבת כ א,162
שבת כ ב,163
שבת כא א,164
שבת כא ב,165
שבת כב א,166
שבת כב ב,167
שבת כג א,168
שבת כג ב,169
שבת כד א,170
שבת כד ב,171
שבת כה א,172
שבת כה ב,173
שבת כו א,174
שבת כו ב,175
שבת כז א,176
שבת כז ב,177
שבת כח א,178
שבת כח ב,179
שבת כט א,180
שבת כט ב,181
שבת ל א,182
שבת ל ב,183
שבת לא א,184
שבת לא ב,185
שבת לב א,186
שבת לב ב,187
שבת לג א,188
שבת לג ב,189
שבת לד א,190
שבת לד ב,191
שבת לה א,192
שבת לה ב,193
שבת לו א,194
שבת לו ב,195
שבת לז א,196
שבת לז ב,197
שבת לח א,198
שבת לח ב,199
שבת לט א,200
שבת לט ב,201
שבת מ א,202
שבת מ ב,203
שבת מא א,204
שבת מא ב,205
שבת מב א,206
שבת מב ב,207
שבת מג א,208
שבת מג ב,209
שבת מד א,210
שבת מד ב,211
שבת מה א,212
שבת מה ב,213
שבת מו א,214
שבת מו ב,215
שבת מז א,216
שבת מז ב,217
שבת מח א,218
שבת מח ב,219
שבת מט א,220
שבת מט ב,221
שבת נ א,222
שבת נ ב,223
שבת נא א,224
שבת נא ב,225
שבת נב א,226
שבת נב ב,227
שבת נג א,228
שבת נג ב,229
שבת נד א,230
שבת נד ב,231
שבת נה א,232
שבת נה ב,233
שבת נו א,234
שבת נו ב,235
שבת נז א,236
שבת נז ב,237
שבת נח א,238
שבת נח ב,239
שבת נט א,240
שבת נט ב,241
שבת ס א,242
שבת ס ב,243
שבת סא א,244
שבת סא ב,245
שבת סב א,246
שבת סב ב,247
שבת סג א,248
שבת סג ב,249
שבת סד א,250
שבת סד ב,251
שבת סה א,252
שבת סה ב,253
שבת סו א,254
שבת סו ב,255
שבת סז א,256
שבת סז ב,257
שבת סח א,258
שבת סח ב,259
שבת סט א,260
שבת סט ב,261
שבת ע א,262
שבת ע ב,263
שבת עא א,264
שבת עא ב,265
שבת עב א,266
שבת עב ב,267
שבת עג א,268
שבת עג ב,269
שבת עד א,270
שבת עד ב,271
שבת עה א,272
שבת עה ב,273
שבת עו א,274
שבת עו ב,275
שבת עז א,276
שבת עז ב,277
שבת עח א,278
שבת עח ב,279
שבת עט א,280
שבת עט ב,281
שבת פ א,282
שבת פ ב,283
שבת פא א,284
שבת פא ב,285
שבת פב א,286
שבת פב ב,287
שבת פג א,288
שבת פג ב,289
שבת פד א,290
שבת פד ב,291
שבת פה א,292
שבת פה ב,293
שבת פו א,294
שבת פו ב,295
שבת פז א,296
שבת פז ב,297
שבת פח א,298
שבת פח ב,299
שבת פט א,300
שבת פט ב,301
שבת צ א,302
שבת צ ב,303
שבת צא א,304
שבת צא ב,305
שבת צב א,306
שבת צב ב,307
שבת צג א,308
שבת צג ב,309
שבת צד א,310
שבת צד ב,311
שבת צה א,312
שבת צה ב,313
שבת צו א,314
שבת צו ב,315
שבת צז א,316
שבת צז ב,317
שבת צח א,318
שבת צח ב,319
שבת צט א,320
שבת צט ב,321
שבת ק א,322
שבת ק ב,323
שבת קא א,324
שבת קא ב,325
שבת קב א,326
שבת קב ב,327
שבת קג א,328
שבת קג ב,329
שבת קד א,330
שבת קד ב,331
שבת קה א,332
שבת קה ב,333
שבת קו א,334
שבת קו ב,335
שבת קז א,336
שבת קז ב,337
שבת קח א,338
שבת קח ב,339
שבת קט א,340
שבת קט ב,341
שבת קי א,342
שבת קי ב,343
שבת קיא א,344
שבת קיא ב,345
שבת קיב א,346
שבת קיב ב,347
שבת קיג א,348
שבת קיג ב,349
שבת קיד א,350
שבת קיד ב,351
שבת קטו א,352
שבת קטו ב,353
שבת קטז א,354
שבת קטז ב,355
שבת קיז א,356
שבת קיז ב,357
שבת קיח א,358
שבת קיח ב,359
שבת קיט א,360
שבת קיט ב,361
שבת קכ א,362
שבת קכ ב,363
שבת קכא א,364
שבת קכא ב,365
שבת קכב א,366
שבת קכב ב,367
שבת קכג א,368
שבת קכג ב,369
שבת קכד א,370
שבת קכד ב,371
שבת קכה א,372
שבת קכה ב,373
שבת קכו א,374
שבת קכו ב,375
שבת קכז א,376
שבת קכז ב,377
שבת קכח א,378
שבת קכח ב,379
שבת קכט א,380
שבת קכט ב,381
שבת קל א,382
שבת קל ב,383
שבת קלא א,384
שבת קלא ב,385
שבת קלב א,386
שבת קלב ב,387
שבת קלג א,388
שבת קלג ב,389
שבת קלד א,390
שבת קלד ב,391
שבת קלה א,392
שבת קלה ב,393
שבת קלו א,394
שבת קלו ב,395
שבת קלז א,396
שבת קלז ב,397
שבת קלח א,398
שבת קלח ב,399
שבת קלט א,400
שבת קלט ב,401
שבת קמ א,402
שבת קמ ב,403
שבת קמא א,404
שבת קמא ב,405
שבת קמב א,406
שבת קמב ב,407
שבת קמג א,408
שבת קמג ב,409
שבת קמד א,410
שבת קמד ב,411
שבת קמה א,412
שבת קמה ב,413
שבת קמו א,414
שבת קמו ב,415
שבת קמז א,416
שבת קמז ב,417
שבת קמח א,418
שבת קמח ב,419
שבת קמט א,420
שבת קמט ב,421
שבת קנ א,422
שבת קנ ב,423
שבת קנא א,424
שבת קנא ב,425
שבת קנב א,426
שבת קנב ב,427
שבת קנג א,428
שבת קנג ב,429
שבת קנד א,430
שבת קנד ב,431
שבת קנה א,432
שבת קנה ב,433
שבת קנו א,434
שבת קנו ב,435
שבת קנז א,436
שבת קנז ב,437
עירובין ב א,438
עירובין ב ב,439
עירובין ג א,440
עירובין ג ב,441
עירובין ד א,442
עירובין ד ב,443
עירובין ה א,444
עירובין ה ב,445
עירובין ו א,446
עירובין ו ב,447
עירובין ז א,448
עירובין ז ב,449
עירובין ח א,450
עירובין ח ב,451
עירובין ט א,452
עירובין ט ב,453
עירובין י א,454
עירובין י ב,455
עירובין יא א,456
עירובין יא ב,457
עירובין יב א,458
עירובין יב ב,459
עירובין יג א,460
עירובין יג ב,461
עירובין יד א,462
עירובין יד ב,463
עירובין טו א,464
עירובין טו ב,465
עירובין טז א,466
עירובין טז ב,467
עירובין יז א,468
עירובין יז ב,469
עירובין יח א,470
עירובין יח ב,471
עירובין יט א,472
עירובין יט ב,473
עירובין כ א,474
עירובין כ ב,475
עירובין כא א,476
עירובין כא ב,477
עירובין כב א,478
עירובין כב ב,479
עירובין כג א,480
עירובין כג ב,481
עירובין כד א,482
עירובין כד ב,483
עירובין כה א,484
עירובין כה ב,485
עירובין כו א,486
עירובין כו ב,487
עירובין כז א,488
עירובין כז ב,489
עירובין כח א,490
עירובין כח ב,491
עירובין כט א,492
עירובין כט ב,493
עירובין ל א,494
עירובין ל ב,495
עירובין לא א,496
עירובין לא ב,497
עירובין לב א,498
עירובין לב ב,499
עירובין לג א,500
עירובין לג ב,501
עירובין לד א,502
עירובין לד ב,503
עירובין לה א,504
עירובין לה ב,505
עירובין לו א,506
עירובין לו ב,507
עירובין לז א,508
עירובין לז ב,509
עירובין לח א,510
עירובין לח ב,511
עירובין לט א,512
עירובין לט ב,513
עירובין מ א,514
עירובין מ ב,515
עירובין מא א,516
עירובין מא ב,517
עירובין מב א,518
עירובין מב ב,519
עירובין מג א,520
עירובין מג ב,521
עירובין מד א,522
עירובין מד ב,523
עירובין מה א,524
עירובין מה ב,525
עירובין מו א,526
עירובין מו ב,527
עירובין מז א,528
עירובין מז ב,529
עירובין מח א,530
עירובין מח ב,531
עירובין מט א,532
עירובין מט ב,533
עירובין נ א,534
עירובין נ ב,535
עירובין נא א,536
עירובין נא ב,537
עירובין נב א,538
עירובין נב ב,539
עירובין נג א,540
עירובין נג ב,541
עירובין נד א,542
עירובין נד ב,543
עירובין נה א,544
עירובין נה ב,545
עירובין נו א,546
עירובין נו ב,547
עירובין נז א,548
עירובין נז ב,549
עירובין נח א,550
עירובין נח ב,551
עירובין נט א,552
עירובין נט ב,553
עירובין ס א,554
עירובין ס ב,555
עירובין סא א,556
עירובין סא ב,557
עירובין סב א,558
עירובין סב ב,559
עירובין סג א,560
עירובין סג ב,561
עירובין סד א,562
עירובין סד ב,563
עירובין סה א,564
עירובין סה ב,565
עירובין סו א,566
עירובין סו ב,567
עירובין סז א,568
עירובין סז ב,569
עירובין סח א,570
עירובין סח ב,571
עירובין סט א,572
עירובין סט ב,573
עירובין ע א,574
עירובין ע ב,575
עירובין עא א,576
עירובין עא ב,577
עירובין עב א,578
עירובין עב ב,579
עירובין עג א,580
עירובין עג ב,581
עירובין עד א,582
עירובין עד ב,583
עירובין עה א,584
עירובין עה ב,585
עירובין עו א,586
עירובין עו ב,587
עירובין עז א,588
עירובין עז ב,589
עירובין עח א,590
עירובין עח ב,591
עירובין עט א,592
עירובין עט ב,593
עירובין פ א,594
עירובין פ ב,595
עירובין פא א,596
עירובין פא ב,597
עירובין פב א,598
עירובין פב ב,599
עירובין פג א,600
עירובין פג ב,601
עירובין פד א,602
עירובין פד ב,603
עירובין פה א,604
עירובין פה ב,605
עירובין פו א,606
עירובין פו ב,607
עירובין פז א,608
עירובין פז ב,609
עירובין פח א,610
עירובין פח ב,611
עירובין פט א,612
עירובין פט ב,613
עירובין צ א,614
עירובין צ ב,615
עירובין צא א,616
עירובין צא ב,617
עירובין צב א,618
עירובין צב ב,619
עירובין צג א,620
עירובין צג ב,621
עירובין צד א,622
עירובין צד ב,623
עירובין צה א,624
עירובין צה ב,625
עירובין צו א,626
עירובין צו ב,627
עירובין צז א,628
עירובין צז ב,629
עירובין צח א,630
עירובין צח ב,631
עירובין צט א,632
עירובין צט ב,633
עירובין ק א,634
עירובין ק ב,635
עירובין קא א,636
עירובין קא ב,637
עירובין קב א,638
עירובין קב ב,639
עירובין קג א,640
עירובין קג ב,641
עירובין קד א,642
עירובין קד ב,643
עירובין קה א,644
פסחים ב א,645
פסחים ב ב,646
פסחים ג א,647
פסחים ג ב,648
פסחים ד א,649
פסחים ד ב,650
פסחים ה א,651
פסחים ה ב,652
פסחים ו א,653
פסחים ו ב,654
פסחים ז א,655
פסחים ז ב,656
פסחים ח א,657
פסחים ח ב,658
פסחים ט א,659
פסחים ט ב,660
פסחים י א,661
פסחים י ב,662
פסחים יא א,663
פסחים יא ב,664
פסחים יב א,665
פסחים יב ב,666
פסחים יג א,667
פסחים יג ב,668
פסחים יד א,669
פסחים יד ב,670
פסחים טו א,671
פסחים טו ב,672
פסחים טז א,673
פסחים טז ב,674
פסחים יז א,675
פסחים יז ב,676
פסחים יח א,677
פסחים יח ב,678
פסחים יט א,679
פסחים יט ב,680
פסחים כ א,681
פסחים כ ב,682
פסחים כא א,683
פסחים כא ב,684
פסחים כב א,685
פסחים כב ב,686
פסחים כג א,687
פסחים כג ב,688
פסחים כד א,689
פסחים כד ב,690
פסחים כה א,691
פסחים כה ב,692
פסחים כו א,693
פסחים כו ב,694
פסחים כז א,695
פסחים כז ב,696
פסחים כח א,697
פסחים כח ב,698
פסחים כט א,699
פסחים כט ב,700
פסחים ל א,701
פסחים ל ב,702
פסחים לא א,703
פסחים לא ב,704
פסחים לב א,705
פסחים לב ב,706
פסחים לג א,707
פסחים לג ב,708
פסחים לד א,709
פסחים לד ב,710
פסחים לה א,711
פסחים לה ב,712
פסחים לו א,713
פסחים לו ב,714
פסחים לז א,715
פסחים לז ב,716
פסחים לח א,717
פסחים לח ב,718
פסחים לט א,719
פסחים לט ב,720
פסחים מ א,721
פסחים מ ב,722
פסחים מא א,723
פסחים מא ב,724
פסחים מב א,725
פסחים מב ב,726
פסחים מג א,727
פסחים מג ב,728
פסחים מד א,729
פסחים מד ב,730
פסחים מה א,731
פסחים מה ב,732
פסחים מו א,733
פסחים מו ב,734
פסחים מז א,735
פסחים מז ב,736
פסחים מח א,737
פסחים מח ב,738
פסחים מט א,739
פסחים מט ב,740
פסחים נ א,741
פסחים נ ב,742
פסחים נא א,743
פסחים נא ב,744
פסחים נב א,745
פסחים נב ב,746
פסחים נג א,747
פסחים נג ב,748
פסחים נד א,749
פסחים נד ב,750
פסחים נה א,751
פסחים נה ב,752
פסחים נו א,753
פסחים נו ב,754
פסחים נז א,755
פסחים נז ב,756
פסחים נח א,757
פסחים נח ב,758
פסחים נט א,759
פסחים נט ב,760
פסחים ס א,761
פסחים ס ב,762
פסחים סא א,763
פסחים סא ב,764
פסחים סב א,765
פסחים סב ב,766
פסחים סג א,767
פסחים סג ב,768
פסחים סד א,769
פסחים סד ב,770
פסחים סה א,771
פסחים סה ב,772
פסחים סו א,773
פסחים סו ב,774
פסחים סז א,775
פסחים סז ב,776
פסחים סח א,777
פסחים סח ב,778
פסחים סט א,779
פסחים סט ב,780
פסחים ע א,781
פסחים ע ב,782
פסחים עא א,783
פסחים עא ב,784
פסחים עב א,785
פסחים עב ב,786
פסחים עג א,787
פסחים עג ב,788
פסחים עד א,789
פסחים עד ב,790
פסחים עה א,791
פסחים עה ב,792
פסחים עו א,793
פסחים עו ב,794
פסחים עז א,795
פסחים עז ב,796
פסחים עח א,797
פסחים עח ב,798
פסחים עט א,799
פסחים עט ב,800
פסחים פ א,801
פסחים פ ב,802
פסחים פא א,803
פסחים פא ב,804
פסחים פב א,805
פסחים פב ב,806
פסחים פג א,807
פסחים פג ב,808
פסחים פד א,809
פסחים פד ב,810
פסחים פה א,811
פסחים פה ב,812
פסחים פו א,813
פסחים פו ב,814
פסחים פז א,815
פסחים פז ב,816
פסחים פח א,817
פסחים פח ב,818
פסחים פט א,819
פסחים פט ב,820
פסחים צ א,821
פסחים צ ב,822
פסחים צא א,823
פסחים צא ב,824
פסחים צב א,825
פסחים צב ב,826
פסחים צג א,827
פסחים צג ב,828
פסחים צד א,829
פסחים צד ב,830
פסחים צה א,831
פסחים צה ב,832
פסחים צו א,833
פסחים צו ב,834
פסחים צז א,835
פסחים צז ב,836
פסחים צח א,837
פסחים צח ב,838
פסחים צט א,839
פסחים צט ב,840
פסחים ק א,841
פסחים ק ב,842
פסחים קא א,843
פסחים קא ב,844
פסחים קב א,845
פסחים קב ב,846
פסחים קג א,847
פסחים קג ב,848
פסחים קד א,849
פסחים קד ב,850
פסחים קה א,851
פסחים קה ב,852
פסחים קו א,853
פסחים קו ב,854
פסחים קז א,855
פסחים קז ב,856
פסחים קח א,857
פסחים קח ב,858
פסחים קט א,859
פסחים קט ב,860
פסחים קי א,861
פסחים קי ב,862
פסחים קיא א,863
פסחים קיא ב,864
פסחים קיב א,865
פסחים קיב ב,866
פסחים קיג א,867
פסחים קיג ב,868
פסחים קיד א,869
פסחים קיד ב,870
פסחים קטו א,871
פסחים קטו ב,872
פסחים קטז א,873
פסחים קטז ב,874
פסחים קיז א,875
פסחים קיז ב,876
פסחים קיח א,877
פסחים קיח ב,878
פסחים קיט א,879
פסחים קיט ב,880
פסחים קכ א,881
פסחים קכ ב,882
פסחים קכא א,883
פסחים קכא ב,884
שקלים ב א,885
שקלים ב ב,886
שקלים ג א,887
שקלים ג ב,888
שקלים ד א,889
שקלים ד ב,890
שקלים ה א,891
שקלים ה ב,892
שקלים ו א,893
שקלים ו ב,894
שקלים ז א,895
שקלים ז ב,896
שקלים ח א,897
שקלים ח ב,898
שקלים ט א,899
שקלים ט ב,900
שקלים י א,901
שקלים י ב,902
שקלים יא א,903
שקלים יא ב,904
שקלים יב א,905
שקלים יב ב,906
שקלים יג א,907
שקלים יג ב,908
שקלים יד א,909
שקלים יד ב,910
שקלים טו א,911
שקלים טו ב,912
שקלים טז א,913
שקלים טז ב,914
שקלים יז א,915
שקלים יז ב,916
שקלים יח א,917
שקלים יח ב,918
שקלים יט א,919
שקלים יט ב,920
שקלים כ א,921
שקלים כ ב,922
שקלים כא א,923
שקלים כא ב,924
שקלים כב א,925
שקלים כב ב,926
יומא ב א,927
יומא ב ב,928
יומא ג א,929
יומא ג ב,930
יומא ד א,931
יומא ד ב,932
יומא ה א,933
יומא ה ב,934
יומא ו א,935
יומא ו ב,936
יומא ז א,937
יומא ז ב,938
יומא ח א,939
יומא ח ב,940
יומא ט א,941
יומא ט ב,942
יומא י א,943
יומא י ב,944
יומא יא א,945
יומא יא ב,946
יומא יב א,947
יומא יב ב,948
יומא יג א,949
יומא יג ב,950
יומא יד א,951
יומא יד ב,952
יומא טו א,953
יומא טו ב,954
יומא טז א,955
יומא טז ב,956
יומא יז א,957
יומא יז ב,958
יומא יח א,959
יומא יח ב,960
יומא יט א,961
יומא יט ב,962
יומא כ א,963
יומא כ ב,964
יומא כא א,965
יומא כא ב,966
יומא כב א,967
יומא כב ב,968
יומא כג א,969
יומא כג ב,970
יומא כד א,971
יומא כד ב,972
יומא כה א,973
יומא כה ב,974
יומא כו א,975
יומא כו ב,976
יומא כז א,977
יומא כז ב,978
יומא כח א,979
יומא כח ב,980
יומא כט א,981
יומא כט ב,982
יומא ל א,983
יומא ל ב,984
יומא לא א,985
יומא לא ב,986
יומא לב א,987
יומא לב ב,988
יומא לג א,989
יומא לג ב,990
יומא לד א,991
יומא לד ב,992
יומא לה א,993
יומא לה ב,994
יומא לו א,995
יומא לו ב,996
יומא לז א,997
יומא לז ב,998
יומא לח א,999
יומא לח ב,1000
יומא לט א,1001
יומא לט ב,1002
יומא מ א,1003
יומא מ ב,1004
יומא מא א,1005
יומא מא ב,1006
יומא מב א,1007
יומא מב ב,1008
יומא מג א,1009
יומא מג ב,1010
יומא מד א,1011
יומא מד ב,1012
יומא מה א,1013
יומא מה ב,1014
יומא מו א,1015
יומא מו ב,1016
יומא מז א,1017
יומא מז ב,1018
יומא מח א,1019
יומא מח ב,1020
יומא מט א,1021
יומא מט ב,1022
יומא נ א,1023
יומא נ ב,1024
יומא נא א,1025
יומא נא ב,1026
יומא נב א,1027
יומא נב ב,1028
יומא נג א,1029
יומא נג ב,1030
יומא נד א,1031
יומא נד ב,1032
יומא נה א,1033
יומא נה ב,1034
יומא נו א,1035
יומא נו ב,1036
יומא נז א,1037
יומא נז ב,1038
יומא נח א,1039
יומא נח ב,1040
יומא נט א,1041
יומא נט ב,1042
יומא ס א,1043
יומא ס ב,1044
יומא סא א,1045
יומא סא ב,1046
יומא סב א,1047
יומא סב ב,1048
יומא סג א,1049
יומא סג ב,1050
יומא סד א,1051
יומא סד ב,1052
יומא סה א,1053
יומא סה ב,1054
יומא סו א,1055
יומא סו ב,1056
יומא סז א,1057
יומא סז ב,1058
יומא סח א,1059
יומא סח ב,1060
יומא סט א,1061
יומא סט ב,1062
יומא ע א,1063
יומא ע ב,1064
יומא עא א,1065
יומא עא ב,1066
יומא עב א,1067
יומא עב ב,1068
יומא עג א,1069
יומא עג ב,1070
יומא עד א,1071
יומא עד ב,1072
יומא עה א,1073
יומא עה ב,1074
יומא עו א,1075
יומא עו ב,1076
יומא עז א,1077
יומא עז ב,1078
יומא עח א,1079
יומא עח ב,1080
יומא עט א,1081
יומא עט ב,1082
יומא פ א,1083
יומא פ ב,1084
יומא פא א,1085
יומא פא ב,1086
יומא פב א,1087
יומא פב ב,1088
יומא פג א,1089
יומא פג ב,1090
יומא פד א,1091
יומא פד ב,1092
יומא פה א,1093
יומא פה ב,1094
יומא פו א,1095
יומא פו ב,1096
יומא פז א,1097
יומא פז ב,1098
יומא פח א,1099
סוכה ב א,1100
סוכה ב ב,1101
סוכה ג א,1102
סוכה ג ב,1103
סוכה ד א,1104
סוכה ד ב,1105
סוכה ה א,1106
סוכה ה ב,1107
סוכה ו א,1108
סוכה ו ב,1109
סוכה ז א,1110
סוכה ז ב,1111
סוכה ח א,1112
סוכה ח ב,1113
סוכה ט א,1114
סוכה ט ב,1115
סוכה י א,1116
סוכה י ב,1117
סוכה יא א,1118
סוכה יא ב,1119
סוכה יב א,1120
סוכה יב ב,1121
סוכה יג א,1122
סוכה יג ב,1123
סוכה יד א,1124
סוכה יד ב,1125
סוכה טו א,1126
סוכה טו ב,1127
סוכה טז א,1128
סוכה טז ב,1129
סוכה יז א,1130
סוכה יז ב,1131
סוכה יח א,1132
סוכה יח ב,1133
סוכה יט א,1134
סוכה יט ב,1135
סוכה כ א,1136
סוכה כ ב,1137
סוכה כא א,1138
סוכה כא ב,1139
סוכה כב א,1140
סוכה כב ב,1141
סוכה כג א,1142
סוכה כג ב,1143
סוכה כד א,1144
סוכה כד ב,1145
סוכה כה א,1146
סוכה כה ב,1147
סוכה כו א,1148
סוכה כו ב,1149
סוכה כז א,1150
סוכה כז ב,1151
סוכה כח א,1152
סוכה כח ב,1153
סוכה כט א,1154
סוכה כט ב,1155
סוכה ל א,1156
סוכה ל ב,1157
סוכה לא א,1158
סוכה לא ב,1159
סוכה לב א,1160
סוכה לב ב,1161
סוכה לג א,1162
סוכה לג ב,1163
סוכה לד א,1164
סוכה לד ב,1165
סוכה לה א,1166
סוכה לה ב,1167
סוכה לו א,1168
סוכה לו ב,1169
סוכה לז א,1170
סוכה לז ב,1171
סוכה לח א,1172
סוכה לח ב,1173
סוכה לט א,1174
סוכה לט ב,1175
סוכה מ א,1176
סוכה מ ב,1177
סוכה מא א,1178
סוכה מא ב,1179
סוכה מב א,1180
סוכה מב ב,1181
סוכה מג א,1182
סוכה מג ב,1183
סוכה מד א,1184
סוכה מד ב,1185
סוכה מה א,1186
סוכה מה ב,1187
סוכה מו א,1188
סוכה מו ב,1189
סוכה מז א,1190
סוכה מז ב,1191
סוכה מח א,1192
סוכה מח ב,1193
סוכה מט א,1194
סוכה מט ב,1195
סוכה נ א,1196
סוכה נ ב,1197
סוכה נא א,1198
סוכה נא ב,1199
סוכה נב א,1200
סוכה נב ב,1201
סוכה נג א,1202
סוכה נג ב,1203
סוכה נד א,1204
סוכה נד ב,1205
סוכה נה א,1206
סוכה נה ב,1207
סוכה נו א,1208
סוכה נו ב,1209
ביצה ב א,1210
ביצה ב ב,1211
ביצה ג א,1212
ביצה ג ב,1213
ביצה ד א,1214
ביצה ד ב,1215
ביצה ה א,1216
ביצה ה ב,1217
ביצה ו א,1218
ביצה ו ב,1219
ביצה ז א,1220
ביצה ז ב,1221
ביצה ח א,1222
ביצה ח ב,1223
ביצה ט א,1224
ביצה ט ב,1225
ביצה י א,1226
ביצה י ב,1227
ביצה יא א,1228
ביצה יא ב,1229
ביצה יב א,1230
ביצה יב ב,1231
ביצה יג א,1232
ביצה יג ב,1233
ביצה יד א,1234
ביצה יד ב,1235
ביצה טו א,1236
ביצה טו ב,1237
ביצה טז א,1238
ביצה טז ב,1239
ביצה יז א,1240
ביצה יז ב,1241
ביצה יח א,1242
ביצה יח ב,1243
ביצה יט א,1244
ביצה יט ב,1245
ביצה כ א,1246
ביצה כ ב,1247
ביצה כא א,1248
ביצה כא ב,1249
ביצה כב א,1250
ביצה כב ב,1251
ביצה כג א,1252
ביצה כג ב,1253
ביצה כד א,1254
ביצה כד ב,1255
ביצה כה א,1256
ביצה כה ב,1257
ביצה כו א,1258
ביצה כו ב,1259
ביצה כז א,1260
ביצה כז ב,1261
ביצה כח א,1262
ביצה כח ב,1263
ביצה כט א,1264
ביצה כט ב,1265
ביצה ל א,1266
ביצה ל ב,1267
ביצה לא א,1268
ביצה לא ב,1269
ביצה לב א,1270
ביצה לב ב,1271
ביצה לג א,1272
ביצה לג ב,1273
ביצה לד א,1274
ביצה לד ב,1275
ביצה לה א,1276
ביצה לה ב,1277
ביצה לו א,1278
ביצה לו ב,1279
ביצה לז א,1280
ביצה לז ב,1281
ביצה לח א,1282
ביצה לח ב,1283
ביצה לט א,1284
ביצה לט ב,1285
ביצה מ א,1286
ביצה מ ב,1287
ראש השנה ב א,1288
ראש השנה ב ב,1289
ראש השנה ג א,1290
ראש השנה ג ב,1291
ראש השנה ד א,1292
ראש השנה ד ב,1293
ראש השנה ה א,1294
ראש השנה ה ב,1295
ראש השנה ו א,1296
ראש השנה ו ב,1297
ראש השנה ז א,1298
ראש השנה ז ב,1299
ראש השנה ח א,1300
ראש השנה ח ב,1301
ראש השנה ט א,1302
ראש השנה ט ב,1303
ראש השנה י א,1304
ראש השנה י ב,1305
ראש השנה יא א,1306
ראש השנה יא ב,1307
ראש השנה יב א,1308
ראש השנה יב ב,1309
ראש השנה יג א,1310
ראש השנה יג ב,1311
ראש השנה יד א,1312
ראש השנה יד ב,1313
ראש השנה טו א,1314
ראש השנה טו ב,1315
ראש השנה טז א,1316
ראש השנה טז ב,1317
ראש השנה יז א,1318
ראש השנה יז ב,1319
ראש השנה יח א,1320
ראש השנה יח ב,1321
ראש השנה יט א,1322
ראש השנה יט ב,1323
ראש השנה כ א,1324
ראש השנה כ ב,1325
ראש השנה כא א,1326
ראש השנה כא ב,1327
ראש השנה כב א,1328
ראש השנה כב ב,1329
ראש השנה כג א,1330
ראש השנה כג ב,1331
ראש השנה כד א,1332
ראש השנה כד ב,1333
ראש השנה כה א,1334
ראש השנה כה ב,1335
ראש השנה כו א,1336
ראש השנה כו ב,1337
ראש השנה כז א,1338
ראש השנה כז ב,1339
ראש השנה כח א,1340
ראש השנה כח ב,1341
ראש השנה כט א,1342
ראש השנה כט ב,1343
ראש השנה ל א,1344
ראש השנה ל ב,1345
ראש השנה לא א,1346
ראש השנה לא ב,1347
ראש השנה לב א,1348
ראש השנה לב ב,1349
ראש השנה לג א,1350
ראש השנה לג ב,1351
ראש השנה לד א,1352
ראש השנה לד ב,1353
ראש השנה לה א,1354
תענית ב א,1355
תענית ב ב,1356
תענית ג א,1357
תענית ג ב,1358
תענית ד א,1359
תענית ד ב,1360
תענית ה א,1361
תענית ה ב,1362
תענית ו א,1363
תענית ו ב,1364
תענית ז א,1365
תענית ז ב,1366
תענית ח א,1367
תענית ח ב,1368
תענית ט א,1369
תענית ט ב,1370
תענית י א,1371
תענית י ב,1372
תענית יא א,1373
תענית יא ב,1374
תענית יב א,1375
תענית יב ב,1376
תענית יג א,1377
תענית יג ב,1378
תענית יד א,1379
תענית יד ב,1380
תענית טו א,1381
תענית טו ב,1382
תענית טז א,1383
תענית טז ב,1384
תענית יז א,1385
תענית יז ב,1386
תענית יח א,1387
תענית יח ב,1388
תענית יט א,1389
תענית יט ב,1390
תענית כ א,1391
תענית כ ב,1392
תענית כא א,1393
תענית כא ב,1394
תענית כב א,1395
תענית כב ב,1396
תענית כג א,1397
תענית כג ב,1398
תענית כד א,1399
תענית כד ב,1400
תענית כה א,1401
תענית כה ב,1402
תענית כו א,1403
תענית כו ב,1404
תענית כז א,1405
תענית כז ב,1406
תענית כח א,1407
תענית כח ב,1408
תענית כט א,1409
תענית כט ב,1410
תענית ל א,1411
תענית ל ב,1412
תענית לא א,1413
מגילה ב א,1414
מגילה ב ב,1415
מגילה ג א,1416
מגילה ג ב,1417
מגילה ד א,1418
מגילה ד ב,1419
מגילה ה א,1420
מגילה ה ב,1421
מגילה ו א,1422
מגילה ו ב,1423
מגילה ז א,1424
מגילה ז ב,1425
מגילה ח א,1426
מגילה ח ב,1427
מגילה ט א,1428
מגילה ט ב,1429
מגילה י א,1430
מגילה י ב,1431
מגילה יא א,1432
מגילה יא ב,1433
מגילה יב א,1434
מגילה יב ב,1435
מגילה יג א,1436
מגילה יג ב,1437
מגילה יד א,1438
מגילה יד ב,1439
מגילה טו א,1440
מגילה טו ב,1441
מגילה טז א,1442
מגילה טז ב,1443
מגילה יז א,1444
מגילה יז ב,1445
מגילה יח א,1446
מגילה יח ב,1447
מגילה יט א,1448
מגילה יט ב,1449
מגילה כ א,1450
מגילה כ ב,1451
מגילה כא א,1452
מגילה כא ב,1453
מגילה כב א,1454
מגילה כב ב,1455
מגילה כג א,1456
מגילה כג ב,1457
מגילה כד א,1458
מגילה כד ב,1459
מגילה כה א,1460
מגילה כה ב,1461
מגילה כו א,1462
מגילה כו ב,1463
מגילה כז א,1464
מגילה כז ב,1465
מגילה כח א,1466
מגילה כח ב,1467
מגילה כט א,1468
מגילה כט ב,1469
מגילה ל א,1470
מגילה ל ב,1471
מגילה לא א,1472
מגילה לא ב,1473
מגילה לב א,1474
מועד קטן ב א,1475
מועד קטן ב ב,1476
מועד קטן ג א,1477
מועד קטן ג ב,1478
מועד קטן ד א,1479
מועד קטן ד ב,1480
מועד קטן ה א,1481
מועד קטן ה ב,1482
מועד קטן ו א,1483
מועד קטן ו ב,1484
מועד קטן ז א,1485
מועד קטן ז ב,1486
מועד קטן ח א,1487
מועד קטן ח ב,1488
מועד קטן ט א,1489
מועד קטן ט ב,1490
מועד קטן י א,1491
מועד קטן י ב,1492
מועד קטן יא א,1493
מועד קטן יא ב,1494
מועד קטן יב א,1495
מועד קטן יב ב,1496
מועד קטן יג א,1497
מועד קטן יג ב,1498
מועד קטן יד א,1499
מועד קטן יד ב,1500
מועד קטן טו א,1501
מועד קטן טו ב,1502
מועד קטן טז א,1503
מועד קטן טז ב,1504
מועד קטן יז א,1505
מועד קטן יז ב,1506
מועד קטן יח א,1507
מועד קטן יח ב,1508
מועד קטן יט א,1509
מועד קטן יט ב,1510
מועד קטן כ א,1511
מועד קטן כ ב,1512
מועד קטן כא א,1513
מועד קטן כא ב,1514
מועד קטן כב א,1515
מועד קטן כב ב,1516
מועד קטן כג א,1517
מועד קטן כג ב,1518
מועד קטן כד א,1519
מועד קטן כד ב,1520
מועד קטן כה א,1521
מועד קטן כה ב,1522
מועד קטן כו א,1523
מועד קטן כו ב,1524
מועד קטן כז א,1525
מועד קטן כז ב,1526
מועד קטן כח א,1527
מועד קטן כח ב,1528
מועד קטן כט א,1529
חגיגה ב א,1530
חגיגה ב ב,1531
חגיגה ג א,1532
חגיגה ג ב,1533
חגיגה ד א,1534
חגיגה ד ב,1535
חגיגה ה א,1536
חגיגה ה ב,1537
חגיגה ו א,1538
חגיגה ו ב,1539
חגיגה ז א,1540
חגיגה ז ב,1541
חגיגה ח א,1542
חגיגה ח ב,1543
חגיגה ט א,1544
חגיגה ט ב,1545
חגיגה י א,1546
חגיגה י ב,1547
חגיגה יא א,1548
חגיגה יא ב,1549
חגיגה יב א,1550
חגיגה יב ב,1551
חגיגה יג א,1552
חגיגה יג ב,1553
חגיגה יד א,1554
חגיגה יד ב,1555
חגיגה טו א,1556
חגיגה טו ב,1557
חגיגה טז א,1558
חגיגה טז ב,1559
חגיגה יז א,1560
חגיגה יז ב,1561
חגיגה יח א,1562
חגיגה יח ב,1563
חגיגה יט א,1564
חגיגה יט ב,1565
חגיגה כ א,1566
חגיגה כ ב,1567
חגיגה כא א,1568
חגיגה כא ב,1569
חגיגה כב א,1570
חגיגה כב ב,1571
חגיגה כג א,1572
חגיגה כג ב,1573
חגיגה כד א,1574
חגיגה כד ב,1575
חגיגה כה א,1576
חגיגה כה ב,1577
חגיגה כו א,1578
חגיגה כו ב,1579
חגיגה כז א,1580
יבמות ב א,1581
יבמות ב ב,1582
יבמות ג א,1583
יבמות ג ב,1584
יבמות ד א,1585
יבמות ד ב,1586
יבמות ה א,1587
יבמות ה ב,1588
יבמות ו א,1589
יבמות ו ב,1590
יבמות ז א,1591
יבמות ז ב,1592
יבמות ח א,1593
יבמות ח ב,1594
יבמות ט א,1595
יבמות ט ב,1596
יבמות י א,1597
יבמות י ב,1598
יבמות יא א,1599
יבמות יא ב,1600
יבמות יב א,1601
יבמות יב ב,1602
יבמות יג א,1603
יבמות יג ב,1604
יבמות יד א,1605
יבמות יד ב,1606
יבמות טו א,1607
יבמות טו ב,1608
יבמות טז א,1609
יבמות טז ב,1610
יבמות יז א,1611
יבמות יז ב,1612
יבמות יח א,1613
יבמות יח ב,1614
יבמות יט א,1615
יבמות יט ב,1616
יבמות כ א,1617
יבמות כ ב,1618
יבמות כא א,1619
יבמות כא ב,1620
יבמות כב א,1621
יבמות כב ב,1622
יבמות כג א,1623
יבמות כג ב,1624
יבמות כד א,1625
יבמות כד ב,1626
יבמות כה א,1627
יבמות כה ב,1628
יבמות כו א,1629
יבמות כו ב,1630
יבמות כז א,1631
יבמות כז ב,1632
יבמות כח א,1633
יבמות כח ב,1634
יבמות כט א,1635
יבמות כט ב,1636
יבמות ל א,1637
יבמות ל ב,1638
יבמות לא א,1639
יבמות לא ב,1640
יבמות לב א,1641
יבמות לב ב,1642
יבמות לג א,1643
יבמות לג ב,1644
יבמות לד א,1645
יבמות לד ב,1646
יבמות לה א,1647
יבמות לה ב,1648
יבמות לו א,1649
יבמות לו ב,1650
יבמות לז א,1651
יבמות לז ב,1652
יבמות לח א,1653
יבמות לח ב,1654
יבמות לט א,1655
יבמות לט ב,1656
יבמות מ א,1657
יבמות מ ב,1658
יבמות מא א,1659
יבמות מא ב,1660
יבמות מב א,1661
יבמות מב ב,1662
יבמות מג א,1663
יבמות מג ב,1664
יבמות מד א,1665
יבמות מד ב,1666
יבמות מה א,1667
יבמות מה ב,1668
יבמות מו א,1669
יבמות מו ב,1670
יבמות מז א,1671
יבמות מז ב,1672
יבמות מח א,1673
יבמות מח ב,1674
יבמות מט א,1675
יבמות מט ב,1676
יבמות נ א,1677
יבמות נ ב,1678
יבמות נא א,1679
יבמות נא ב,1680
יבמות נב א,1681
יבמות נב ב,1682
יבמות נג א,1683
יבמות נג ב,1684
יבמות נד א,1685
יבמות נד ב,1686
יבמות נה א,1687
יבמות נה ב,1688
יבמות נו א,1689
יבמות נו ב,1690
יבמות נז א,1691
יבמות נז ב,1692
יבמות נח א,1693
יבמות נח ב,1694
יבמות נט א,1695
יבמות נט ב,1696
יבמות ס א,1697
יבמות ס ב,1698
יבמות סא א,1699
יבמות סא ב,1700
יבמות סב א,1701
יבמות סב ב,1702
יבמות סג א,1703
יבמות סג ב,1704
יבמות סד א,1705
יבמות סד ב,1706
יבמות סה א,1707
יבמות סה ב,1708
יבמות סו א,1709
יבמות סו ב,1710
יבמות סז א,1711
יבמות סז ב,1712
יבמות סח א,1713
יבמות סח ב,1714
יבמות סט א,1715
יבמות סט ב,1716
יבמות ע א,1717
יבמות ע ב,1718
יבמות עא א,1719
יבמות עא ב,1720
יבמות עב א,1721
יבמות עב ב,1722
יבמות עג א,1723
יבמות עג ב,1724
יבמות עד א,1725
יבמות עד ב,1726
יבמות עה א,1727
יבמות עה ב,1728
יבמות עו א,1729
יבמות עו ב,1730
יבמות עז א,1731
יבמות עז ב,1732
יבמות עח א,1733
יבמות עח ב,1734
יבמות עט א,1735
יבמות עט ב,1736
יבמות פ א,1737
יבמות פ ב,1738
יבמות פא א,1739
יבמות פא ב,1740
יבמות פב א,1741
יבמות פב ב,1742
יבמות פג א,1743
יבמות פג ב,1744
יבמות פד א,1745
יבמות פד ב,1746
יבמות פה א,1747
יבמות פה ב,1748
יבמות פו א,1749
יבמות פו ב,1750
יבמות פז א,1751
יבמות פז ב,1752
יבמות פח א,1753
יבמות פח ב,1754
יבמות פט א,1755
יבמות פט ב,1756
יבמות צ א,1757
יבמות צ ב,1758
יבמות צא א,1759
יבמות צא ב,1760
יבמות צב א,1761
יבמות צב ב,1762
יבמות צג א,1763
יבמות צג ב,1764
יבמות צד א,1765
יבמות צד ב,1766
יבמות צה א,1767
יבמות צה ב,1768
יבמות צו א,1769
יבמות צו ב,1770
יבמות צז א,1771
יבמות צז ב,1772
יבמות צח א,1773
יבמות צח ב,1774
יבמות צט א,1775
יבמות צט ב,1776
יבמות ק א,1777
יבמות ק ב,1778
יבמות קא א,1779
יבמות קא ב,1780
יבמות קב א,1781
יבמות קב ב,1782
יבמות קג א,1783
יבמות קג ב,1784
יבמות קד א,1785
יבמות קד ב,1786
יבמות קה א,1787
יבמות קה ב,1788
יבמות קו א,1789
יבמות קו ב,1790
יבמות קז א,1791
יבמות קז ב,1792
יבמות קח א,1793
יבמות קח ב,1794
יבמות קט א,1795
יבמות קט ב,1796
יבמות קי א,1797
יבמות קי ב,1798
יבמות קיא א,1799
יבמות קיא ב,1800
יבמות קיב א,1801
יבמות קיב ב,1802
יבמות קיג א,1803
יבמות קיג ב,1804
יבמות קיד א,1805
יבמות קיד ב,1806
יבמות קטו א,1807
יבמות קטו ב,1808
יבמות קטז א,1809
יבמות קטז ב,1810
יבמות קיז א,1811
יבמות קיז ב,1812
יבמות קיח א,1813
יבמות קיח ב,1814
יבמות קיט א,1815
יבמות קיט ב,1816
יבמות קכ א,1817
יבמות קכ ב,1818
יבמות קכא א,1819
יבמות קכא ב,1820
יבמות קכב א,1821
יבמות קכב ב,1822
כתובות ב א,1823
כתובות ב ב,1824
כתובות ג א,1825
כתובות ג ב,1826
כתובות ד א,1827
כתובות ד ב,1828
כתובות ה א,1829
כתובות ה ב,1830
כתובות ו א,1831
כתובות ו ב,1832
כתובות ז א,1833
כתובות ז ב,1834
כתובות ח א,1835
כתובות ח ב,1836
כתובות ט א,1837
כתובות ט ב,1838
כתובות י א,1839
כתובות י ב,1840
כתובות יא א,1841
כתובות יא ב,1842
כתובות יב א,1843
כתובות יב ב,1844
כתובות יג א,1845
כתובות יג ב,1846
כתובות יד א,1847
כתובות יד ב,1848
כתובות טו א,1849
כתובות טו ב,1850
כתובות טז א,1851
כתובות טז ב,1852
כתובות יז א,1853
כתובות יז ב,1854
כתובות יח א,1855
כתובות יח ב,1856
כתובות יט א,1857
כתובות יט ב,1858
כתובות כ א,1859
כתובות כ ב,1860
כתובות כא א,1861
כתובות כא ב,1862
כתובות כב א,1863
כתובות כב ב,1864
כתובות כג א,1865
כתובות כג ב,1866
כתובות כד א,1867
כתובות כד ב,1868
כתובות כה א,1869
כתובות כה ב,1870
כתובות כו א,1871
כתובות כו ב,1872
כתובות כז א,1873
כתובות כז ב,1874
כתובות כח א,1875
כתובות כח ב,1876
כתובות כט א,1877
כתובות כט ב,1878
כתובות ל א,1879
כתובות ל ב,1880
כתובות לא א,1881
כתובות לא ב,1882
כתובות לב א,1883
כתובות לב ב,1884
כתובות לג א,1885
כתובות לג ב,1886
כתובות לד א,1887
כתובות לד ב,1888
כתובות לה א,1889
כתובות לה ב,1890
כתובות לו א,1891
כתובות לו ב,1892
כתובות לז א,1893
כתובות לז ב,1894
כתובות לח א,1895
כתובות לח ב,1896
כתובות לט א,1897
כתובות לט ב,1898
כתובות מ א,1899
כתובות מ ב,1900
כתובות מא א,1901
כתובות מא ב,1902
כתובות מב א,1903
כתובות מב ב,1904
כתובות מג א,1905
כתובות מג ב,1906
כתובות מד א,1907
כתובות מד ב,1908
כתובות מה א,1909
כתובות מה ב,1910
כתובות מו א,1911
כתובות מו ב,1912
כתובות מז א,1913
כתובות מז ב,1914
כתובות מח א,1915
כתובות מח ב,1916
כתובות מט א,1917
כתובות מט ב,1918
כתובות נ א,1919
כתובות נ ב,1920
כתובות נא א,1921
כתובות נא ב,1922
כתובות נב א,1923
כתובות נב ב,1924
כתובות נג א,1925
כתובות נג ב,1926
כתובות נד א,1927
כתובות נד ב,1928
כתובות נה א,1929
כתובות נה ב,1930
כתובות נו א,1931
כתובות נו ב,1932
כתובות נז א,1933
כתובות נז ב,1934
כתובות נח א,1935
כתובות נח ב,1936
כתובות נט א,1937
כתובות נט ב,1938
כתובות ס א,1939
כתובות ס ב,1940
כתובות סא א,1941
כתובות סא ב,1942
כתובות סב א,1943
כתובות סב ב,1944
כתובות סג א,1945
כתובות סג ב,1946
כתובות סד א,1947
כתובות סד ב,1948
כתובות סה א,1949
כתובות סה ב,1950
כתובות סו א,1951
כתובות סו ב,1952
כתובות סז א,1953
כתובות סז ב,1954
כתובות סח א,1955
כתובות סח ב,1956
כתובות סט א,1957
כתובות סט ב,1958
כתובות ע א,1959
כתובות ע ב,1960
כתובות עא א,1961
כתובות עא ב,1962
כתובות עב א,1963
כתובות עב ב,1964
כתובות עג א,1965
כתובות עג ב,1966
כתובות עד א,1967
כתובות עד ב,1968
כתובות עה א,1969
כתובות עה ב,1970
כתובות עו א,1971
כתובות עו ב,1972
כתובות עז א,1973
כתובות עז ב,1974
כתובות עח א,1975
כתובות עח ב,1976
כתובות עט א,1977
כתובות עט ב,1978
כתובות פ א,1979
כתובות פ ב,1980
כתובות פא א,1981
כתובות פא ב,1982
כתובות פב א,1983
כתובות פב ב,1984
כתובות פג א,1985
כתובות פג ב,1986
כתובות פד א,1987
כתובות פד ב,1988
כתובות פה א,1989
כתובות פה ב,1990
כתובות פו א,1991
כתובות פו ב,1992
כתובות פז א,1993
כתובות פז ב,1994
כתובות פח א,1995
כתובות פח ב,1996
כתובות פט א,1997
כתובות פט ב,1998
כתובות צ א,1999
כתובות צ ב,2000
כתובות צא א,2001
כתובות צא ב,2002
כתובות צב א,2003
כתובות צב ב,2004
כתובות צג א,2005
כתובות צג ב,2006
כתובות צד א,2007
כתובות צד ב,2008
כתובות צה א,2009
כתובות צה ב,2010
כתובות צו א,2011
כתובות צו ב,2012
כתובות צז א,2013
כתובות צז ב,2014
כתובות צח א,2015
כתובות צח ב,2016
כתובות צט א,2017
כתובות צט ב,2018
כתובות ק א,2019
כתובות ק ב,2020
כתובות קא א,2021
כתובות קא ב,2022
כתובות קב א,2023
כתובות קב ב,2024
כתובות קג א,2025
כתובות קג ב,2026
כתובות קד א,2027
כתובות קד ב,2028
כתובות קה א,2029
כתובות קה ב,2030
כתובות קו א,2031
כתובות קו ב,2032
כתובות קז א,2033
כתובות קז ב,2034
כתובות קח א,2035
כתובות קח ב,2036
כתובות קט א,2037
כתובות קט ב,2038
כתובות קי א,2039
כתובות קי ב,2040
כתובות קיא א,2041
כתובות קיא ב,2042
כתובות קיב א,2043
כתובות קיב ב,2044
נדרים ב א,2045
נדרים ב ב,2046
נדרים ג א,2047
נדרים ג ב,2048
נדרים ד א,2049
נדרים ד ב,2050
נדרים ה א,2051
נדרים ה ב,2052
נדרים ו א,2053
נדרים ו ב,2054
נדרים ז א,2055
נדרים ז ב,2056
נדרים ח א,2057
נדרים ח ב,2058
נדרים ט א,2059
נדרים ט ב,2060
נדרים י א,2061
נדרים י ב,2062
נדרים יא א,2063
נדרים יא ב,2064
נדרים יב א,2065
נדרים יב ב,2066
נדרים יג א,2067
נדרים יג ב,2068
נדרים יד א,2069
נדרים יד ב,2070
נדרים טו א,2071
נדרים טו ב,2072
נדרים טז א,2073
נדרים טז ב,2074
נדרים יז א,2075
נדרים יז ב,2076
נדרים יח א,2077
נדרים יח ב,2078
נדרים יט א,2079
נדרים יט ב,2080
נדרים כ א,2081
נדרים כ ב,2082
נדרים כא א,2083
נדרים כא ב,2084
נדרים כב א,2085
נדרים כב ב,2086
נדרים כג א,2087
נדרים כג ב,2088
נדרים כד א,2089
נדרים כד ב,2090
נדרים כה א,2091
נדרים כה ב,2092
נדרים כו א,2093
נדרים כו ב,2094
נדרים כז א,2095
נדרים כז ב,2096
נדרים כח א,2097
נדרים כח ב,2098
נדרים כט א,2099
נדרים כט ב,2100
נדרים ל א,2101
נדרים ל ב,2102
נדרים לא א,2103
נדרים לא ב,2104
נדרים לב א,2105
נדרים לב ב,2106
נדרים לג א,2107
נדרים לג ב,2108
נדרים לד א,2109
נדרים לד ב,2110
נדרים לה א,2111
נדרים לה ב,2112
נדרים לו א,2113
נדרים לו ב,2114
נדרים לז א,2115
נדרים לז ב,2116
נדרים לח א,2117
נדרים לח ב,2118
נדרים לט א,2119
נדרים לט ב,2120
נדרים מ א,2121
נדרים מ ב,2122
נדרים מא א,2123
נדרים מא ב,2124
נדרים מב א,2125
נדרים מב ב,2126
נדרים מג א,2127
נדרים מג ב,2128
נדרים מד א,2129
נדרים מד ב,2130
נדרים מה א,2131
נדרים מה ב,2132
נדרים מו א,2133
נדרים מו ב,2134
נדרים מז א,2135
נדרים מז ב,2136
נדרים מח א,2137
נדרים מח ב,2138
נדרים מט א,2139
נדרים מט ב,2140
נדרים נ א,2141
נדרים נ ב,2142
נדרים נא א,2143
נדרים נא ב,2144
נדרים נב א,2145
נדרים נב ב,2146
נדרים נג א,2147
נדרים נג ב,2148
נדרים נד א,2149
נדרים נד ב,2150
נדרים נה א,2151
נדרים נה ב,2152
נדרים נו א,2153
נדרים נו ב,2154
נדרים נז א,2155
נדרים נז ב,2156
נדרים נח א,2157
נדרים נח ב,2158
נדרים נט א,2159
נדרים נט ב,2160
נדרים ס א,2161
נדרים ס ב,2162
נדרים סא א,2163
נדרים סא ב,2164
נדרים סב א,2165
נדרים סב ב,2166
נדרים סג א,2167
נדרים סג ב,2168
נדרים סד א,2169
נדרים סד ב,2170
נדרים סה א,2171
נדרים סה ב,2172
נדרים סו א,2173
נדרים סו ב,2174
נדרים סז א,2175
נדרים סז ב,2176
נדרים סח א,2177
נדרים סח ב,2178
נדרים סט א,2179
נדרים סט ב,2180
נדרים ע א,2181
נדרים ע ב,2182
נדרים עא א,2183
נדרים עא ב,2184
נדרים עב א,2185
נדרים עב ב,2186
נדרים עג א,2187
נדרים עג ב,2188
נדרים עד א,2189
נדרים עד ב,2190
נדרים עה א,2191
נדרים עה ב,2192
נדרים עו א,2193
נדרים עו ב,2194
נדרים עז א,2195
נדרים עז ב,2196
נדרים עח א,2197
נדרים עח ב,2198
נדרים עט א,2199
נדרים עט ב,2200
נדרים פ א,2201
נדרים פ ב,2202
נדרים פא א,2203
נדרים פא ב,2204
נדרים פב א,2205
נדרים פב ב,2206
נדרים פג א,2207
נדרים פג ב,2208
נדרים פד א,2209
נדרים פד ב,2210
נדרים פה א,2211
נדרים פה ב,2212
נדרים פו א,2213
נדרים פו ב,2214
נדרים פז א,2215
נדרים פז ב,2216
נדרים פח א,2217
נדרים פח ב,2218
נדרים פט א,2219
נדרים פט ב,2220
נדרים צ א,2221
נדרים צ ב,2222
נדרים צא א,2223
נדרים צא ב,2224
נזיר ב א,2225
נזיר ב ב,2226
נזיר ג א,2227
נזיר ג ב,2228
נזיר ד א,2229
נזיר ד ב,2230
נזיר ה א,2231
נזיר ה ב,2232
נזיר ו א,2233
נזיר ו ב,2234
נזיר ז א,2235
נזיר ז ב,2236
נזיר ח א,2237
נזיר ח ב,2238
נזיר ט א,2239
נזיר ט ב,2240
נזיר י א,2241
נזיר י ב,2242
נזיר יא א,2243
נזיר יא ב,2244
נזיר יב א,2245
נזיר יב ב,2246
נזיר יג א,2247
נזיר יג ב,2248
נזיר יד א,2249
נזיר יד ב,2250
נזיר טו א,2251
נזיר טו ב,2252
נזיר טז א,2253
נזיר טז ב,2254
נזיר יז א,2255
נזיר יז ב,2256
נזיר יח א,2257
נזיר יח ב,2258
נזיר יט א,2259
נזיר יט ב,2260
נזיר כ א,2261
נזיר כ ב,2262
נזיר כא א,2263
נזיר כא ב,2264
נזיר כב א,2265
נזיר כב ב,2266
נזיר כג א,2267
נזיר כג ב,2268
נזיר כד א,2269
נזיר כד ב,2270
נזיר כה א,2271
נזיר כה ב,2272
נזיר כו א,2273
נזיר כו ב,2274
נזיר כז א,2275
נזיר כז ב,2276
נזיר כח א,2277
נזיר כח ב,2278
נזיר כט א,2279
נזיר כט ב,2280
נזיר ל א,2281
נזיר ל ב,2282
נזיר לא א,2283
נזיר לא ב,2284
נזיר לב א,2285
נזיר לב ב,2286
נזיר לג א,2287
נזיר לג ב,2288
נזיר לד א,2289
נזיר לד ב,2290
נזיר לה א,2291
נזיר לה ב,2292
נזיר לו א,2293
נזיר לו ב,2294
נזיר לז א,2295
נזיר לז ב,2296
נזיר לח א,2297
נזיר לח ב,2298
נזיר לט א,2299
נזיר לט ב,2300
נזיר מ א,2301
נזיר מ ב,2302
נזיר מא א,2303
נזיר מא ב,2304
נזיר מב א,2305
נזיר מב ב,2306
נזיר מג א,2307
נזיר מג ב,2308
נזיר מד א,2309
נזיר מד ב,2310
נזיר מה א,2311
נזיר מה ב,2312
נזיר מו א,2313
נזיר מו ב,2314
נזיר מז א,2315
נזיר מז ב,2316
נזיר מח א,2317
נזיר מח ב,2318
נזיר מט א,2319
נזיר מט ב,2320
נזיר נ א,2321
נזיר נ ב,2322
נזיר נא א,2323
נזיר נא ב,2324
נזיר נב א,2325
נזיר נב ב,2326
נזיר נג א,2327
נזיר נג ב,2328
נזיר נד א,2329
נזיר נד ב,2330
נזיר נה א,2331
נזיר נה ב,2332
נזיר נו א,2333
נזיר נו ב,2334
נזיר נז א,2335
נזיר נז ב,2336
נזיר נח א,2337
נזיר נח ב,2338
נזיר נט א,2339
נזיר נט ב,2340
נזיר ס א,2341
נזיר ס ב,2342
נזיר סא א,2343
נזיר סא ב,2344
נזיר סב א,2345
נזיר סב ב,2346
נזיר סג א,2347
נזיר סג ב,2348
נזיר סד א,2349
נזיר סד ב,2350
נזיר סה א,2351
נזיר סה ב,2352
נזיר סו א,2353
נזיר סו ב,2354
סוטה ב א,2355
סוטה ב ב,2356
סוטה ג א,2357
סוטה ג ב,2358
סוטה ד א,2359
סוטה ד ב,2360
סוטה ה א,2361
סוטה ה ב,2362
סוטה ו א,2363
סוטה ו ב,2364
סוטה ז א,2365
סוטה ז ב,2366
סוטה ח א,2367
סוטה ח ב,2368
סוטה ט א,2369
סוטה ט ב,2370
סוטה י א,2371
סוטה י ב,2372
סוטה יא א,2373
סוטה יא ב,2374
סוטה יב א,2375
סוטה יב ב,2376
סוטה יג א,2377
סוטה יג ב,2378
סוטה יד א,2379
סוטה יד ב,2380
סוטה טו א,2381
סוטה טו ב,2382
סוטה טז א,2383
סוטה טז ב,2384
סוטה יז א,2385
סוטה יז ב,2386
סוטה יח א,2387
סוטה יח ב,2388
סוטה יט א,2389
סוטה יט ב,2390
סוטה כ א,2391
סוטה כ ב,2392
סוטה כא א,2393
סוטה כא ב,2394
סוטה כב א,2395
סוטה כב ב,2396
סוטה כג א,2397
סוטה כג ב,2398
סוטה כד א,2399
סוטה כד ב,2400
סוטה כה א,2401
סוטה כה ב,2402
סוטה כו א,2403
סוטה כו ב,2404
סוטה כז א,2405
סוטה כז ב,2406
סוטה כח א,2407
סוטה כח ב,2408
סוטה כט א,2409
סוטה כט ב,2410
סוטה ל א,2411
סוטה ל ב,2412
סוטה לא א,2413
סוטה לא ב,2414
סוטה לב א,2415
סוטה לב ב,2416
סוטה לג א,2417
סוטה לג ב,2418
סוטה לד א,2419
סוטה לד ב,2420
סוטה לה א,2421
סוטה לה ב,2422
סוטה לו א,2423
סוטה לו ב,2424
סוטה לז א,2425
סוטה לז ב,2426
סוטה לח א,2427
סוטה לח ב,2428
סוטה לט א,2429
סוטה לט ב,2430
סוטה מ א,2431
סוטה מ ב,2432
סוטה מא א,2433
סוטה מא ב,2434
סוטה מב א,2435
סוטה מב ב,2436
סוטה מג א,2437
סוטה מג ב,2438
סוטה מד א,2439
סוטה מד ב,2440
סוטה מה א,2441
סוטה מה ב,2442
סוטה מו א,2443
סוטה מו ב,2444
סוטה מז א,2445
סוטה מז ב,2446
סוטה מח א,2447
סוטה מח ב,2448
סוטה מט א,2449
סוטה מט ב,2450
גיטין ב א,2451
גיטין ב ב,2452
גיטין ג א,2453
גיטין ג ב,2454
גיטין ד א,2455
גיטין ד ב,2456
גיטין ה א,2457
גיטין ה ב,2458
גיטין ו א,2459
גיטין ו ב,2460
גיטין ז א,2461
גיטין ז ב,2462
גיטין ח א,2463
גיטין ח ב,2464
גיטין ט א,2465
גיטין ט ב,2466
גיטין י א,2467
גיטין י ב,2468
גיטין יא א,2469
גיטין יא ב,2470
גיטין יב א,2471
גיטין יב ב,2472
גיטין יג א,2473
גיטין יג ב,2474
גיטין יד א,2475
גיטין יד ב,2476
גיטין טו א,2477
גיטין טו ב,2478
גיטין טז א,2479
גיטין טז ב,2480
גיטין יז א,2481
גיטין יז ב,2482
גיטין יח א,2483
גיטין יח ב,2484
גיטין יט א,2485
גיטין יט ב,2486
גיטין כ א,2487
גיטין כ ב,2488
גיטין כא א,2489
גיטין כא ב,2490
גיטין כב א,2491
גיטין כב ב,2492
גיטין כג א,2493
גיטין כג ב,2494
גיטין כד א,2495
גיטין כד ב,2496
גיטין כה א,2497
גיטין כה ב,2498
גיטין כו א,2499
גיטין כו ב,2500
גיטין כז א,2501
גיטין כז ב,2502
גיטין כח א,2503
גיטין כח ב,2504
גיטין כט א,2505
גיטין כט ב,2506
גיטין ל א,2507
גיטין ל ב,2508
גיטין לא א,2509
גיטין לא ב,2510
גיטין לב א,2511
גיטין לב ב,2512
גיטין לג א,2513
גיטין לג ב,2514
גיטין לד א,2515
גיטין לד ב,2516
גיטין לה א,2517
גיטין לה ב,2518
גיטין לו א,2519
גיטין לו ב,2520
גיטין לז א,2521
גיטין לז ב,2522
גיטין לח א,2523
גיטין לח ב,2524
גיטין לט א,2525
גיטין לט ב,2526
גיטין מ א,2527
גיטין מ ב,2528
גיטין מא א,2529
גיטין מא ב,2530
גיטין מב א,2531
גיטין מב ב,2532
גיטין מג א,2533
גיטין מג ב,2534
גיטין מד א,2535
גיטין מד ב,2536
גיטין מה א,2537
גיטין מה ב,2538
גיטין מו א,2539
גיטין מו ב,2540
גיטין מז א,2541
גיטין מז ב,2542
גיטין מח א,2543
גיטין מח ב,2544
גיטין מט א,2545
גיטין מט ב,2546
גיטין נ א,2547
גיטין נ ב,2548
גיטין נא א,2549
גיטין נא ב,2550
גיטין נב א,2551
גיטין נב ב,2552
גיטין נג א,2553
גיטין נג ב,2554
גיטין נד א,2555
גיטין נד ב,2556
גיטין נה א,2557
גיטין נה ב,2558
גיטין נו א,2559
גיטין נו ב,2560
גיטין נז א,2561
גיטין נז ב,2562
גיטין נח א,2563
גיטין נח ב,2564
גיטין נט א,2565
גיטין נט ב,2566
גיטין ס א,2567
גיטין ס ב,2568
גיטין סא א,2569
גיטין סא ב,2570
גיטין סב א,2571
גיטין סב ב,2572
גיטין סג א,2573
גיטין סג ב,2574
גיטין סד א,2575
גיטין סד ב,2576
גיטין סה א,2577
גיטין סה ב,2578
גיטין סו א,2579
גיטין סו ב,2580
גיטין סז א,2581
גיטין סז ב,2582
גיטין סח א,2583
גיטין סח ב,2584
גיטין סט א,2585
גיטין סט ב,2586
גיטין ע א,2587
גיטין ע ב,2588
גיטין עא א,2589
גיטין עא ב,2590
גיטין עב א,2591
גיטין עב ב,2592
גיטין עג א,2593
גיטין עג ב,2594
גיטין עד א,2595
גיטין עד ב,2596
גיטין עה א,2597
גיטין עה ב,2598
גיטין עו א,2599
גיטין עו ב,2600
גיטין עז א,2601
גיטין עז ב,2602
גיטין עח א,2603
גיטין עח ב,2604
גיטין עט א,2605
גיטין עט ב,2606
גיטין פ א,2607
גיטין פ ב,2608
גיטין פא א,2609
גיטין פא ב,2610
גיטין פב א,2611
גיטין פב ב,2612
גיטין פג א,2613
גיטין פג ב,2614
גיטין פד א,2615
גיטין פד ב,2616
גיטין פה א,2617
גיטין פה ב,2618
גיטין פו א,2619
גיטין פו ב,2620
גיטין פז א,2621
גיטין פז ב,2622
גיטין פח א,2623
גיטין פח ב,2624
גיטין פט א,2625
גיטין פט ב,2626
גיטין צ א,2627
גיטין צ ב,2628
קידושין ב א,2629
קידושין ב ב,2630
קידושין ג א,2631
קידושין ג ב,2632
קידושין ד א,2633
קידושין ד ב,2634
קידושין ה א,2635
קידושין ה ב,2636
קידושין ו א,2637
קידושין ו ב,2638
קידושין ז א,2639
קידושין ז ב,2640
קידושין ח א,2641
קידושין ח ב,2642
קידושין ט א,2643
קידושין ט ב,2644
קידושין י א,2645
קידושין י ב,2646
קידושין יא א,2647
קידושין יא ב,2648
קידושין יב א,2649
קידושין יב ב,2650
קידושין יג א,2651
קידושין יג ב,2652
קידושין יד א,2653
קידושין יד ב,2654
קידושין טו א,2655
קידושין טו ב,2656
קידושין טז א,2657
קידושין טז ב,2658
קידושין יז א,2659
קידושין יז ב,2660
קידושין יח א,2661
קידושין יח ב,2662
קידושין יט א,2663
קידושין יט ב,2664
קידושין כ א,2665
קידושין כ ב,2666
קידושין כא א,2667
קידושין כא ב,2668
קידושין כב א,2669
קידושין כב ב,2670
קידושין כג א,2671
קידושין כג ב,2672
קידושין כד א,2673
קידושין כד ב,2674
קידושין כה א,2675
קידושין כה ב,2676
קידושין כו א,2677
קידושין כו ב,2678
קידושין כז א,2679
קידושין כז ב,2680
קידושין כח א,2681
קידושין כח ב,2682
קידושין כט א,2683
קידושין כט ב,2684
קידושין ל א,2685
קידושין ל ב,2686
קידושין לא א,2687
קידושין לא ב,2688
קידושין לב א,2689
קידושין לב ב,2690
קידושין לג א,2691
קידושין לג ב,2692
קידושין לד א,2693
קידושין לד ב,2694
קידושין לה א,2695
קידושין לה ב,2696
קידושין לו א,2697
קידושין לו ב,2698
קידושין לז א,2699
קידושין לז ב,2700
קידושין לח א,2701
קידושין לח ב,2702
קידושין לט א,2703
קידושין לט ב,2704
קידושין מ א,2705
קידושין מ ב,2706
קידושין מא א,2707
קידושין מא ב,2708
קידושין מב א,2709
קידושין מב ב,2710
קידושין מג א,2711
קידושין מג ב,2712
קידושין מד א,2713
קידושין מד ב,2714
קידושין מה א,2715
קידושין מה ב,2716
קידושין מו א,2717
קידושין מו ב,2718
קידושין מז א,2719
קידושין מז ב,2720
קידושין מח א,2721
קידושין מח ב,2722
קידושין מט א,2723
קידושין מט ב,2724
קידושין נ א,2725
קידושין נ ב,2726
קידושין נא א,2727
קידושין נא ב,2728
קידושין נב א,2729
קידושין נב ב,2730
קידושין נג א,2731
קידושין נג ב,2732
קידושין נד א,2733
קידושין נד ב,2734
קידושין נה א,2735
קידושין נה ב,2736
קידושין נו א,2737
קידושין נו ב,2738
קידושין נז א,2739
קידושין נז ב,2740
קידושין נח א,2741
קידושין נח ב,2742
קידושין נט א,2743
קידושין נט ב,2744
קידושין ס א,2745
קידושין ס ב,2746
קידושין סא א,2747
קידושין סא ב,2748
קידושין סב א,2749
קידושין סב ב,2750
קידושין סג א,2751
קידושין סג ב,2752
קידושין סד א,2753
קידושין סד ב,2754
קידושין סה א,2755
קידושין סה ב,2756
קידושין סו א,2757
קידושין סו ב,2758
קידושין סז א,2759
קידושין סז ב,2760
קידושין סח א,2761
קידושין סח ב,2762
קידושין סט א,2763
קידושין סט ב,2764
קידושין ע א,2765
קידושין ע ב,2766
קידושין עא א,2767
קידושין עא ב,2768
קידושין עב א,2769
קידושין עב ב,2770
קידושין עג א,2771
קידושין עג ב,2772
קידושין עד א,2773
קידושין עד ב,2774
קידושין עה א,2775
קידושין עה ב,2776
קידושין עו א,2777
קידושין עו ב,2778
קידושין עז א,2779
קידושין עז ב,2780
קידושין עח א,2781
קידושין עח ב,2782
קידושין עט א,2783
קידושין עט ב,2784
קידושין פ א,2785
קידושין פ ב,2786
קידושין פא א,2787
קידושין פא ב,2788
קידושין פב א,2789
קידושין פב ב,2790
בבא קמא ב א,2791
בבא קמא ב ב,2792
בבא קמא ג א,2793
בבא קמא ג ב,2794
בבא קמא ד א,2795
בבא קמא ד ב,2796
בבא קמא ה א,2797
בבא קמא ה ב,2798
בבא קמא ו א,2799
בבא קמא ו ב,2800
בבא קמא ז א,2801
בבא קמא ז ב,2802
בבא קמא ח א,2803
בבא קמא ח ב,2804
בבא קמא ט א,2805
בבא קמא ט ב,2806
בבא קמא י א,2807
בבא קמא י ב,2808
בבא קמא יא א,2809
בבא קמא יא ב,2810
בבא קמא יב א,2811
בבא קמא יב ב,2812
בבא קמא יג א,2813
בבא קמא יג ב,2814
בבא קמא יד א,2815
בבא קמא יד ב,2816
בבא קמא טו א,2817
בבא קמא טו ב,2818
בבא קמא טז א,2819
בבא קמא טז ב,2820
בבא קמא יז א,2821
בבא קמא יז ב,2822
בבא קמא יח א,2823
בבא קמא יח ב,2824
בבא קמא יט א,2825
בבא קמא יט ב,2826
בבא קמא כ א,2827
בבא קמא כ ב,2828
בבא קמא כא א,2829
בבא קמא כא ב,2830
בבא קמא כב א,2831
בבא קמא כב ב,2832
בבא קמא כג א,2833
בבא קמא כג ב,2834
בבא קמא כד א,2835
בבא קמא כד ב,2836
בבא קמא כה א,2837
בבא קמא כה ב,2838
בבא קמא כו א,2839
בבא קמא כו ב,2840
בבא קמא כז א,2841
בבא קמא כז ב,2842
בבא קמא כח א,2843
בבא קמא כח ב,2844
בבא קמא כט א,2845
בבא קמא כט ב,2846
בבא קמא ל א,2847
בבא קמא ל ב,2848
בבא קמא לא א,2849
בבא קמא לא ב,2850
בבא קמא לב א,2851
בבא קמא לב ב,2852
בבא קמא לג א,2853
בבא קמא לג ב,2854
בבא קמא לד א,2855
בבא קמא לד ב,2856
בבא קמא לה א,2857
בבא קמא לה ב,2858
בבא קמא לו א,2859
בבא קמא לו ב,2860
בבא קמא לז א,2861
בבא קמא לז ב,2862
בבא קמא לח א,2863
בבא קמא לח ב,2864
בבא קמא לט א,2865
בבא קמא לט ב,2866
בבא קמא מ א,2867
בבא קמא מ ב,2868
בבא קמא מא א,2869
בבא קמא מא ב,2870
בבא קמא מב א,2871
בבא קמא מב ב,2872
בבא קמא מג א,2873
בבא קמא מג ב,2874
בבא קמא מד א,2875
בבא קמא מד ב,2876
בבא קמא מה א,2877
בבא קמא מה ב,2878
בבא קמא מו א,2879
בבא קמא מו ב,2880
בבא קמא מז א,2881
בבא קמא מז ב,2882
בבא קמא מח א,2883
בבא קמא מח ב,2884
בבא קמא מט א,2885
בבא קמא מט ב,2886
בבא קמא נ א,2887
בבא קמא נ ב,2888
בבא קמא נא א,2889
בבא קמא נא ב,2890
בבא קמא נב א,2891
בבא קמא נב ב,2892
בבא קמא נג א,2893
בבא קמא נג ב,2894
בבא קמא נד א,2895
בבא קמא נד ב,2896
בבא קמא נה א,2897
בבא קמא נה ב,2898
בבא קמא נו א,2899
בבא קמא נו ב,2900
בבא קמא נז א,2901
בבא קמא נז ב,2902
בבא קמא נח א,2903
בבא קמא נח ב,2904
בבא קמא נט א,2905
בבא קמא נט ב,2906
בבא קמא ס א,2907
בבא קמא ס ב,2908
בבא קמא סא א,2909
בבא קמא סא ב,2910
בבא קמא סב א,2911
בבא קמא סב ב,2912
בבא קמא סג א,2913
בבא קמא סג ב,2914
בבא קמא סד א,2915
בבא קמא סד ב,2916
בבא קמא סה א,2917
בבא קמא סה ב,2918
בבא קמא סו א,2919
בבא קמא סו ב,2920
בבא קמא סז א,2921
בבא קמא סז ב,2922
בבא קמא סח א,2923
בבא קמא סח ב,2924
בבא קמא סט א,2925
בבא קמא סט ב,2926
בבא קמא ע א,2927
בבא קמא ע ב,2928
בבא קמא עא א,2929
בבא קמא עא ב,2930
בבא קמא עב א,2931
בבא קמא עב ב,2932
בבא קמא עג א,2933
בבא קמא עג ב,2934
בבא קמא עד א,2935
בבא קמא עד ב,2936
בבא קמא עה א,2937
בבא קמא עה ב,2938
בבא קמא עו א,2939
בבא קמא עו ב,2940
בבא קמא עז א,2941
בבא קמא עז ב,2942
בבא קמא עח א,2943
בבא קמא עח ב,2944
בבא קמא עט א,2945
בבא קמא עט ב,2946
בבא קמא פ א,2947
בבא קמא פ ב,2948
בבא קמא פא א,2949
בבא קמא פא ב,2950
בבא קמא פב א,2951
בבא קמא פב ב,2952
בבא קמא פג א,2953
בבא קמא פג ב,2954
בבא קמא פד א,2955
בבא קמא פד ב,2956
בבא קמא פה א,2957
בבא קמא פה ב,2958
בבא קמא פו א,2959
בבא קמא פו ב,2960
בבא קמא פז א,2961
בבא קמא פז ב,2962
בבא קמא פח א,2963
בבא קמא פח ב,2964
בבא קמא פט א,2965
בבא קמא פט ב,2966
בבא קמא צ א,2967
בבא קמא צ ב,2968
בבא קמא צא א,2969
בבא קמא צא ב,2970
בבא קמא צב א,2971
בבא קמא צב ב,2972
בבא קמא צג א,2973
בבא קמא צג ב,2974
בבא קמא צד א,2975
בבא קמא צד ב,2976
בבא קמא צה א,2977
בבא קמא צה ב,2978
בבא קמא צו א,2979
בבא קמא צו ב,2980
בבא קמא צז א,2981
בבא קמא צז ב,2982
בבא קמא צח א,2983
בבא קמא צח ב,2984
בבא קמא צט א,2985
בבא קמא צט ב,2986
בבא קמא ק א,2987
בבא קמא ק ב,2988
בבא קמא קא א,2989
בבא קמא קא ב,2990
בבא קמא קב א,2991
בבא קמא קב ב,2992
בבא קמא קג א,2993
בבא קמא קג ב,2994
בבא קמא קד א,2995
בבא קמא קד ב,2996
בבא קמא קה א,2997
בבא קמא קה ב,2998
בבא קמא קו א,2999
בבא קמא קו ב,3000
בבא קמא קז א,3001
בבא קמא קז ב,3002
בבא קמא קח א,3003
בבא קמא קח ב,3004
בבא קמא קט א,3005
בבא קמא קט ב,3006
בבא קמא קי א,3007
בבא קמא קי ב,3008
בבא קמא קיא א,3009
בבא קמא קיא ב,3010
בבא קמא קיב א,3011
בבא קמא קיב ב,3012
בבא קמא קיג א,3013
בבא קמא קיג ב,3014
בבא קמא קיד א,3015
בבא קמא קיד ב,3016
בבא קמא קטו א,3017
בבא קמא קטו ב,3018
בבא קמא קטז א,3019
בבא קמא קטז ב,3020
בבא קמא קיז א,3021
בבא קמא קיז ב,3022
בבא קמא קיח א,3023
בבא קמא קיח ב,3024
בבא קמא קיט א,3025
בבא קמא קיט ב,3026
בבא מציעא ב א,3027
בבא מציעא ב ב,3028
בבא מציעא ג א,3029
בבא מציעא ג ב,3030
בבא מציעא ד א,3031
בבא מציעא ד ב,3032
בבא מציעא ה א,3033
בבא מציעא ה ב,3034
בבא מציעא ו א,3035
בבא מציעא ו ב,3036
בבא מציעא ז א,3037
בבא מציעא ז ב,3038
בבא מציעא ח א,3039
בבא מציעא ח ב,3040
בבא מציעא ט א,3041
בבא מציעא ט ב,3042
בבא מציעא י א,3043
בבא מציעא י ב,3044
בבא מציעא יא א,3045
בבא מציעא יא ב,3046
בבא מציעא יב א,3047
בבא מציעא יב ב,3048
בבא מציעא יג א,3049
בבא מציעא יג ב,3050
בבא מציעא יד א,3051
בבא מציעא יד ב,3052
בבא מציעא טו א,3053
בבא מציעא טו ב,3054
בבא מציעא טז א,3055
בבא מציעא טז ב,3056
בבא מציעא יז א,3057
בבא מציעא יז ב,3058
בבא מציעא יח א,3059
בבא מציעא יח ב,3060
בבא מציעא יט א,3061
בבא מציעא יט ב,3062
בבא מציעא כ א,3063
בבא מציעא כ ב,3064
בבא מציעא כא א,3065
בבא מציעא כא ב,3066
בבא מציעא כב א,3067
בבא מציעא כב ב,3068
בבא מציעא כג א,3069
בבא מציעא כג ב,3070
בבא מציעא כד א,3071
בבא מציעא כד ב,3072
בבא מציעא כה א,3073
בבא מציעא כה ב,3074
בבא מציעא כו א,3075
בבא מציעא כו ב,3076
בבא מציעא כז א,3077
בבא מציעא כז ב,3078
בבא מציעא כח א,3079
בבא מציעא כח ב,3080
בבא מציעא כט א,3081
בבא מציעא כט ב,3082
בבא מציעא ל א,3083
בבא מציעא ל ב,3084
בבא מציעא לא א,3085
בבא מציעא לא ב,3086
בבא מציעא לב א,3087
בבא מציעא לב ב,3088
בבא מציעא לג א,3089
בבא מציעא לג ב,3090
בבא מציעא לד א,3091
בבא מציעא לד ב,3092
בבא מציעא לה א,3093
בבא מציעא לה ב,3094
בבא מציעא לו א,3095
בבא מציעא לו ב,3096
בבא מציעא לז א,3097
בבא מציעא לז ב,3098
בבא מציעא לח א,3099
בבא מציעא לח ב,3100
בבא מציעא לט א,3101
בבא מציעא לט ב,3102
בבא מציעא מ א,3103
בבא מציעא מ ב,3104
בבא מציעא מא א,3105
בבא מציעא מא ב,3106
בבא מציעא מב א,3107
בבא מציעא מב ב,3108
בבא מציעא מג א,3109
בבא מציעא מג ב,3110
בבא מציעא מד א,3111
בבא מציעא מד ב,3112
בבא מציעא מה א,3113
בבא מציעא מה ב,3114
בבא מציעא מו א,3115
בבא מציעא מו ב,3116
בבא מציעא מז א,3117
בבא מציעא מז ב,3118
בבא מציעא מח א,3119
בבא מציעא מח ב,3120
בבא מציעא מט א,3121
בבא מציעא מט ב,3122
בבא מציעא נ א,3123
בבא מציעא נ ב,3124
בבא מציעא נא א,3125
בבא מציעא נא ב,3126
בבא מציעא נב א,3127
בבא מציעא נב ב,3128
בבא מציעא נג א,3129
בבא מציעא נג ב,3130
בבא מציעא נד א,3131
בבא מציעא נד ב,3132
בבא מציעא נה א,3133
בבא מציעא נה ב,3134
בבא מציעא נו א,3135
בבא מציעא נו ב,3136
בבא מציעא נז א,3137
בבא מציעא נז ב,3138
בבא מציעא נח א,3139
בבא מציעא נח ב,3140
בבא מציעא נט א,3141
בבא מציעא נט ב,3142
בבא מציעא ס א,3143
בבא מציעא ס ב,3144
בבא מציעא סא א,3145
בבא מציעא סא ב,3146
בבא מציעא סב א,3147
בבא מציעא סב ב,3148
בבא מציעא סג א,3149
בבא מציעא סג ב,3150
בבא מציעא סד א,3151
בבא מציעא סד ב,3152
בבא מציעא סה א,3153
בבא מציעא סה ב,3154
בבא מציעא סו א,3155
בבא מציעא סו ב,3156
בבא מציעא סז א,3157
בבא מציעא סז ב,3158
בבא מציעא סח א,3159
בבא מציעא סח ב,3160
בבא מציעא סט א,3161
בבא מציעא סט ב,3162
בבא מציעא ע א,3163
בבא מציעא ע ב,3164
בבא מציעא עא א,3165
בבא מציעא עא ב,3166
בבא מציעא עב א,3167
בבא מציעא עב ב,3168
בבא מציעא עג א,3169
בבא מציעא עג ב,3170
בבא מציעא עד א,3171
בבא מציעא עד ב,3172
בבא מציעא עה א,3173
בבא מציעא עה ב,3174
בבא מציעא עו א,3175
בבא מציעא עו ב,3176
בבא מציעא עז א,3177
בבא מציעא עז ב,3178
בבא מציעא עח א,3179
בבא מציעא עח ב,3180
בבא מציעא עט א,3181
בבא מציעא עט ב,3182
בבא מציעא פ א,3183
בבא מציעא פ ב,3184
בבא מציעא פא א,3185
בבא מציעא פא ב,3186
בבא מציעא פב א,3187
בבא מציעא פב ב,3188
בבא מציעא פג א,3189
בבא מציעא פג ב,3190
בבא מציעא פד א,3191
בבא מציעא פד ב,3192
בבא מציעא פה א,3193
בבא מציעא פה ב,3194
בבא מציעא פו א,3195
בבא מציעא פו ב,3196
בבא מציעא פז א,3197
בבא מציעא פז ב,3198
בבא מציעא פח א,3199
בבא מציעא פח ב,3200
בבא מציעא פט א,3201
בבא מציעא פט ב,3202
בבא מציעא צ א,3203
בבא מציעא צ ב,3204
בבא מציעא צא א,3205
בבא מציעא צא ב,3206
בבא מציעא צב א,3207
בבא מציעא צב ב,3208
בבא מציעא צג א,3209
בבא מציעא צג ב,3210
בבא מציעא צד א,3211
בבא מציעא צד ב,3212
בבא מציעא צה א,3213
בבא מציעא צה ב,3214
בבא מציעא צו א,3215
בבא מציעא צו ב,3216
בבא מציעא צז א,3217
בבא מציעא צז ב,3218
בבא מציעא צח א,3219
בבא מציעא צח ב,3220
בבא מציעא צט א,3221
בבא מציעא צט ב,3222
בבא מציעא ק א,3223
בבא מציעא ק ב,3224
בבא מציעא קא א,3225
בבא מציעא קא ב,3226
בבא מציעא קב א,3227
בבא מציעא קב ב,3228
בבא מציעא קג א,3229
בבא מציעא קג ב,3230
בבא מציעא קד א,3231
בבא מציעא קד ב,3232
בבא מציעא קה א,3233
בבא מציעא קה ב,3234
בבא מציעא קו א,3235
בבא מציעא קו ב,3236
בבא מציעא קז א,3237
בבא מציעא קז ב,3238
בבא מציעא קח א,3239
בבא מציעא קח ב,3240
בבא מציעא קט א,3241
בבא מציעא קט ב,3242
בבא מציעא קי א,3243
בבא מציעא קי ב,3244
בבא מציעא קיא א,3245
בבא מציעא קיא ב,3246
בבא מציעא קיב א,3247
בבא מציעא קיב ב,3248
בבא מציעא קיג א,3249
בבא מציעא קיג ב,3250
בבא מציעא קיד א,3251
בבא מציעא קיד ב,3252
בבא מציעא קטו א,3253
בבא מציעא קטו ב,3254
בבא מציעא קטז א,3255
בבא מציעא קטז ב,3256
בבא מציעא קיז א,3257
בבא מציעא קיז ב,3258
בבא מציעא קיח א,3259
בבא מציעא קיח ב,3260
בבא מציעא קיט א,3261
בבא בתרא ב א,3262
בבא בתרא ב ב,3263
בבא בתרא ג א,3264
בבא בתרא ג ב,3265
בבא בתרא ד א,3266
בבא בתרא ד ב,3267
בבא בתרא ה א,3268
בבא בתרא ה ב,3269
בבא בתרא ו א,3270
בבא בתרא ו ב,3271
בבא בתרא ז א,3272
בבא בתרא ז ב,3273
בבא בתרא ח א,3274
בבא בתרא ח ב,3275
בבא בתרא ט א,3276
בבא בתרא ט ב,3277
בבא בתרא י א,3278
בבא בתרא י ב,3279
בבא בתרא יא א,3280
בבא בתרא יא ב,3281
בבא בתרא יב א,3282
בבא בתרא יב ב,3283
בבא בתרא יג א,3284
בבא בתרא יג ב,3285
בבא בתרא יד א,3286
בבא בתרא יד ב,3287
בבא בתרא טו א,3288
בבא בתרא טו ב,3289
בבא בתרא טז א,3290
בבא בתרא טז ב,3291
בבא בתרא יז א,3292
בבא בתרא יז ב,3293
בבא בתרא יח א,3294
בבא בתרא יח ב,3295
בבא בתרא יט א,3296
בבא בתרא יט ב,3297
בבא בתרא כ א,3298
בבא בתרא כ ב,3299
בבא בתרא כא א,3300
בבא בתרא כא ב,3301
בבא בתרא כב א,3302
בבא בתרא כב ב,3303
בבא בתרא כג א,3304
בבא בתרא כג ב,3305
בבא בתרא כד א,3306
בבא בתרא כד ב,3307
בבא בתרא כה א,3308
בבא בתרא כה ב,3309
בבא בתרא כו א,3310
בבא בתרא כו ב,3311
בבא בתרא כז א,3312
בבא בתרא כז ב,3313
בבא בתרא כח א,3314
בבא בתרא כח ב,3315
בבא בתרא כט א,3316
בבא בתרא כט ב,3317
בבא בתרא ל א,3318
בבא בתרא ל ב,3319
בבא בתרא לא א,3320
בבא בתרא לא ב,3321
בבא בתרא לב א,3322
בבא בתרא לב ב,3323
בבא בתרא לג א,3324
בבא בתרא לג ב,3325
בבא בתרא לד א,3326
בבא בתרא לד ב,3327
בבא בתרא לה א,3328
בבא בתרא לה ב,3329
בבא בתרא לו א,3330
בבא בתרא לו ב,3331
בבא בתרא לז א,3332
בבא בתרא לז ב,3333
בבא בתרא לח א,3334
בבא בתרא לח ב,3335
בבא בתרא לט א,3336
בבא בתרא לט ב,3337
בבא בתרא מ א,3338
בבא בתרא מ ב,3339
בבא בתרא מא א,3340
בבא בתרא מא ב,3341
בבא בתרא מב א,3342
בבא בתרא מב ב,3343
בבא בתרא מג א,3344
בבא בתרא מג ב,3345
בבא בתרא מד א,3346
בבא בתרא מד ב,3347
בבא בתרא מה א,3348
בבא בתרא מה ב,3349
בבא בתרא מו א,3350
בבא בתרא מו ב,3351
בבא בתרא מז א,3352
בבא בתרא מז ב,3353
בבא בתרא מח א,3354
בבא בתרא מח ב,3355
בבא בתרא מט א,3356
בבא בתרא מט ב,3357
בבא בתרא נ א,3358
בבא בתרא נ ב,3359
בבא בתרא נא א,3360
בבא בתרא נא ב,3361
בבא בתרא נב א,3362
בבא בתרא נב ב,3363
בבא בתרא נג א,3364
בבא בתרא נג ב,3365
בבא בתרא נד א,3366
בבא בתרא נד ב,3367
בבא בתרא נה א,3368
בבא בתרא נה ב,3369
בבא בתרא נו א,3370
בבא בתרא נו ב,3371
בבא בתרא נז א,3372
בבא בתרא נז ב,3373
בבא בתרא נח א,3374
בבא בתרא נח ב,3375
בבא בתרא נט א,3376
בבא בתרא נט ב,3377
בבא בתרא ס א,3378
בבא בתרא ס ב,3379
בבא בתרא סא א,3380
בבא בתרא סא ב,3381
בבא בתרא סב א,3382
בבא בתרא סב ב,3383
בבא בתרא סג א,3384
בבא בתרא סג ב,3385
בבא בתרא סד א,3386
בבא בתרא סד ב,3387
בבא בתרא סה א,3388
בבא בתרא סה ב,3389
בבא בתרא סו א,3390
בבא בתרא סו ב,3391
בבא בתרא סז א,3392
בבא בתרא סז ב,3393
בבא בתרא סח א,3394
בבא בתרא סח ב,3395
בבא בתרא סט א,3396
בבא בתרא סט ב,3397
בבא בתרא ע א,3398
בבא בתרא ע ב,3399
בבא בתרא עא א,3400
בבא בתרא עא ב,3401
בבא בתרא עב א,3402
בבא בתרא עב ב,3403
בבא בתרא עג א,3404
בבא בתרא עג ב,3405
בבא בתרא עד א,3406
בבא בתרא עד ב,3407
בבא בתרא עה א,3408
בבא בתרא עה ב,3409
בבא בתרא עו א,3410
בבא בתרא עו ב,3411
בבא בתרא עז א,3412
בבא בתרא עז ב,3413
בבא בתרא עח א,3414
בבא בתרא עח ב,3415
בבא בתרא עט א,3416
בבא בתרא עט ב,3417
בבא בתרא פ א,3418
בבא בתרא פ ב,3419
בבא בתרא פא א,3420
בבא בתרא פא ב,3421
בבא בתרא פב א,3422
בבא בתרא פב ב,3423
בבא בתרא פג א,3424
בבא בתרא פג ב,3425
בבא בתרא פד א,3426
בבא בתרא פד ב,3427
בבא בתרא פה א,3428
בבא בתרא פה ב,3429
בבא בתרא פו א,3430
בבא בתרא פו ב,3431
בבא בתרא פז א,3432
בבא בתרא פז ב,3433
בבא בתרא פח א,3434
בבא בתרא פח ב,3435
בבא בתרא פט א,3436
בבא בתרא פט ב,3437
בבא בתרא צ א,3438
בבא בתרא צ ב,3439
בבא בתרא צא א,3440
בבא בתרא צא ב,3441
בבא בתרא צב א,3442
בבא בתרא צב ב,3443
בבא בתרא צג א,3444
בבא בתרא צג ב,3445
בבא בתרא צד א,3446
בבא בתרא צד ב,3447
בבא בתרא צה א,3448
בבא בתרא צה ב,3449
בבא בתרא צו א,3450
בבא בתרא צו ב,3451
בבא בתרא צז א,3452
בבא בתרא צז ב,3453
בבא בתרא צח א,3454
בבא בתרא צח ב,3455
בבא בתרא צט א,3456
בבא בתרא צט ב,3457
בבא בתרא ק א,3458
בבא בתרא ק ב,3459
בבא בתרא קא א,3460
בבא בתרא קא ב,3461
בבא בתרא קב א,3462
בבא בתרא קב ב,3463
בבא בתרא קג א,3464
בבא בתרא קג ב,3465
בבא בתרא קד א,3466
בבא בתרא קד ב,3467
בבא בתרא קה א,3468
בבא בתרא קה ב,3469
בבא בתרא קו א,3470
בבא בתרא קו ב,3471
בבא בתרא קז א,3472
בבא בתרא קז ב,3473
בבא בתרא קח א,3474
בבא בתרא קח ב,3475
בבא בתרא קט א,3476
בבא בתרא קט ב,3477
בבא בתרא קי א,3478
בבא בתרא קי ב,3479
בבא בתרא קיא א,3480
בבא בתרא קיא ב,3481
בבא בתרא קיב א,3482
בבא בתרא קיב ב,3483
בבא בתרא קיג א,3484
בבא בתרא קיג ב,3485
בבא בתרא קיד א,3486
בבא בתרא קיד ב,3487
בבא בתרא קטו א,3488
בבא בתרא קטו ב,3489
בבא בתרא קטז א,3490
בבא בתרא קטז ב,3491
בבא בתרא קיז א,3492
בבא בתרא קיז ב,3493
בבא בתרא קיח א,3494
בבא בתרא קיח ב,3495
בבא בתרא קיט א,3496
בבא בתרא קיט ב,3497
בבא בתרא קכ א,3498
בבא בתרא קכ ב,3499
בבא בתרא קכא א,3500
בבא בתרא קכא ב,3501
בבא בתרא קכב א,3502
בבא בתרא קכב ב,3503
בבא בתרא קכג א,3504
בבא בתרא קכג ב,3505
בבא בתרא קכד א,3506
בבא בתרא קכד ב,3507
בבא בתרא קכה א,3508
בבא בתרא קכה ב,3509
בבא בתרא קכו א,3510
בבא בתרא קכו ב,3511
בבא בתרא קכז א,3512
בבא בתרא קכז ב,3513
בבא בתרא קכח א,3514
בבא בתרא קכח ב,3515
בבא בתרא קכט א,3516
בבא בתרא קכט ב,3517
בבא בתרא קל א,3518
בבא בתרא קל ב,3519
בבא בתרא קלא א,3520
בבא בתרא קלא ב,3521
בבא בתרא קלב א,3522
בבא בתרא קלב ב,3523
בבא בתרא קלג א,3524
בבא בתרא קלג ב,3525
בבא בתרא קלד א,3526
בבא בתרא קלד ב,3527
בבא בתרא קלה א,3528
בבא בתרא קלה ב,3529
בבא בתרא קלו א,3530
בבא בתרא קלו ב,3531
בבא בתרא קלז א,3532
בבא בתרא קלז ב,3533
בבא בתרא קלח א,3534
בבא בתרא קלח ב,3535
בבא בתרא קלט א,3536
בבא בתרא קלט ב,3537
בבא בתרא קמ א,3538
בבא בתרא קמ ב,3539
בבא בתרא קמא א,3540
בבא בתרא קמא ב,3541
בבא בתרא קמב א,3542
בבא בתרא קמב ב,3543
בבא בתרא קמג א,3544
בבא בתרא קמג ב,3545
בבא בתרא קמד א,3546
בבא בתרא קמד ב,3547
בבא בתרא קמה א,3548
בבא בתרא קמה ב,3549
בבא בתרא קמו א,3550
בבא בתרא קמו ב,3551
בבא בתרא קמז א,3552
בבא בתרא קמז ב,3553
בבא בתרא קמח א,3554
בבא בתרא קמח ב,3555
בבא בתרא קמט א,3556
בבא בתרא קמט ב,3557
בבא בתרא קנ א,3558
בבא בתרא קנ ב,3559
בבא בתרא קנא א,3560
בבא בתרא קנא ב,3561
בבא בתרא קנב א,3562
בבא בתרא קנב ב,3563
בבא בתרא קנג א,3564
בבא בתרא קנג ב,3565
בבא בתרא קנד א,3566
בבא בתרא קנד ב,3567
בבא בתרא קנה א,3568
בבא בתרא קנה ב,3569
בבא בתרא קנו א,3570
בבא בתרא קנו ב,3571
בבא בתרא קנז א,3572
בבא בתרא קנז ב,3573
בבא בתרא קנח א,3574
בבא בתרא קנח ב,3575
בבא בתרא קנט א,3576
בבא בתרא קנט ב,3577
בבא בתרא קס א,3578
בבא בתרא קס ב,3579
בבא בתרא קסא א,3580
בבא בתרא קסא ב,3581
בבא בתרא קסב א,3582
בבא בתרא קסב ב,3583
בבא בתרא קסג א,3584
בבא בתרא קסג ב,3585
בבא בתרא קסד א,3586
בבא בתרא קסד ב,3587
בבא בתרא קסה א,3588
בבא בתרא קסה ב,3589
בבא בתרא קסו א,3590
בבא בתרא קסו ב,3591
בבא בתרא קסז א,3592
בבא בתרא קסז ב,3593
בבא בתרא קסח א,3594
בבא בתרא קסח ב,3595
בבא בתרא קסט א,3596
בבא בתרא קסט ב,3597
בבא בתרא קע א,3598
בבא בתרא קע ב,3599
בבא בתרא קעא א,3600
בבא בתרא קעא ב,3601
בבא בתרא קעב א,3602
בבא בתרא קעב ב,3603
בבא בתרא קעג א,3604
בבא בתרא קעג ב,3605
בבא בתרא קעד א,3606
בבא בתרא קעד ב,3607
בבא בתרא קעה א,3608
בבא בתרא קעה ב,3609
בבא בתרא קעו א,3610
בבא בתרא קעו ב,3611
סנהדרין ב א,3612
סנהדרין ב ב,3613
סנהדרין ג א,3614
סנהדרין ג ב,3615
סנהדרין ד א,3616
סנהדרין ד ב,3617
סנהדרין ה א,3618
סנהדרין ה ב,3619
סנהדרין ו א,3620
סנהדרין ו ב,3621
סנהדרין ז א,3622
סנהדרין ז ב,3623
סנהדרין ח א,3624
סנהדרין ח ב,3625
סנהדרין ט א,3626
סנהדרין ט ב,3627
סנהדרין י א,3628
סנהדרין י ב,3629
סנהדרין יא א,3630
סנהדרין יא ב,3631
סנהדרין יב א,3632
סנהדרין יב ב,3633
סנהדרין יג א,3634
סנהדרין יג ב,3635
סנהדרין יד א,3636
סנהדרין יד ב,3637
סנהדרין טו א,3638
סנהדרין טו ב,3639
סנהדרין טז א,3640
סנהדרין טז ב,3641
סנהדרין יז א,3642
סנהדרין יז ב,3643
סנהדרין יח א,3644
סנהדרין יח ב,3645
סנהדרין יט א,3646
סנהדרין יט ב,3647
סנהדרין כ א,3648
סנהדרין כ ב,3649
סנהדרין כא א,3650
סנהדרין כא ב,3651
סנהדרין כב א,3652
סנהדרין כב ב,3653
סנהדרין כג א,3654
סנהדרין כג ב,3655
סנהדרין כד א,3656
סנהדרין כד ב,3657
סנהדרין כה א,3658
סנהדרין כה ב,3659
סנהדרין כו א,3660
סנהדרין כו ב,3661
סנהדרין כז א,3662
סנהדרין כז ב,3663
סנהדרין כח א,3664
סנהדרין כח ב,3665
סנהדרין כט א,3666
סנהדרין כט ב,3667
סנהדרין ל א,3668
סנהדרין ל ב,3669
סנהדרין לא א,3670
סנהדרין לא ב,3671
סנהדרין לב א,3672
סנהדרין לב ב,3673
סנהדרין לג א,3674
סנהדרין לג ב,3675
סנהדרין לד א,3676
סנהדרין לד ב,3677
סנהדרין לה א,3678
סנהדרין לה ב,3679
סנהדרין לו א,3680
סנהדרין לו ב,3681
סנהדרין לז א,3682
סנהדרין לז ב,3683
סנהדרין לח א,3684
סנהדרין לח ב,3685
סנהדרין לט א,3686
סנהדרין לט ב,3687
סנהדרין מ א,3688
סנהדרין מ ב,3689
סנהדרין מא א,3690
סנהדרין מא ב,3691
סנהדרין מב א,3692
סנהדרין מב ב,3693
סנהדרין מג א,3694
סנהדרין מג ב,3695
סנהדרין מד א,3696
סנהדרין מד ב,3697
סנהדרין מה א,3698
סנהדרין מה ב,3699
סנהדרין מו א,3700
סנהדרין מו ב,3701
סנהדרין מז א,3702
סנהדרין מז ב,3703
סנהדרין מח א,3704
סנהדרין מח ב,3705
סנהדרין מט א,3706
סנהדרין מט ב,3707
סנהדרין נ א,3708
סנהדרין נ ב,3709
סנהדרין נא א,3710
סנהדרין נא ב,3711
סנהדרין נב א,3712
סנהדרין נב ב,3713
סנהדרין נג א,3714
סנהדרין נג ב,3715
סנהדרין נד א,3716
סנהדרין נד ב,3717
סנהדרין נה א,3718
סנהדרין נה ב,3719
סנהדרין נו א,3720
סנהדרין נו ב,3721
סנהדרין נז א,3722
סנהדרין נז ב,3723
סנהדרין נח א,3724
סנהדרין נח ב,3725
סנהדרין נט א,3726
סנהדרין נט ב,3727
סנהדרין ס א,3728
סנהדרין ס ב,3729
סנהדרין סא א,3730
סנהדרין סא ב,3731
סנהדרין סב א,3732
סנהדרין סב ב,3733
סנהדרין סג א,3734
סנהדרין סג ב,3735
סנהדרין סד א,3736
סנהדרין סד ב,3737
סנהדרין סה א,3738
סנהדרין סה ב,3739
סנהדרין סו א,3740
סנהדרין סו ב,3741
סנהדרין סז א,3742
סנהדרין סז ב,3743
סנהדרין סח א,3744
סנהדרין סח ב,3745
סנהדרין סט א,3746
סנהדרין סט ב,3747
סנהדרין ע א,3748
סנהדרין ע ב,3749
סנהדרין עא א,3750
סנהדרין עא ב,3751
סנהדרין עב א,3752
סנהדרין עב ב,3753
סנהדרין עג א,3754
סנהדרין עג ב,3755
סנהדרין עד א,3756
סנהדרין עד ב,3757
סנהדרין עה א,3758
סנהדרין עה ב,3759
סנהדרין עו א,3760
סנהדרין עו ב,3761
סנהדרין עז א,3762
סנהדרין עז ב,3763
סנהדרין עח א,3764
סנהדרין עח ב,3765
סנהדרין עט א,3766
סנהדרין עט ב,3767
סנהדרין פ א,3768
סנהדרין פ ב,3769
סנהדרין פא א,3770
סנהדרין פא ב,3771
סנהדרין פב א,3772
סנהדרין פב ב,3773
סנהדרין פג א,3774
סנהדרין פג ב,3775
סנהדרין פד א,3776
סנהדרין פד ב,3777
סנהדרין פה א,3778
סנהדרין פה ב,3779
סנהדרין פו א,3780
סנהדרין פו ב,3781
סנהדרין פז א,3782
סנהדרין פז ב,3783
סנהדרין פח א,3784
סנהדרין פח ב,3785
סנהדרין פט א,3786
סנהדרין פט ב,3787
סנהדרין צ א,3788
סנהדרין צ ב,3789
סנהדרין צא א,3790
סנהדרין צא ב,3791
סנהדרין צב א,3792
סנהדרין צב ב,3793
סנהדרין צג א,3794
סנהדרין צג ב,3795
סנהדרין צד א,3796
סנהדרין צד ב,3797
סנהדרין צה א,3798
סנהדרין צה ב,3799
סנהדרין צו א,3800
סנהדרין צו ב,3801
סנהדרין צז א,3802
סנהדרין צז ב,3803
סנהדרין צח א,3804
סנהדרין צח ב,3805
סנהדרין צט א,3806
סנהדרין צט ב,3807
סנהדרין ק א,3808
סנהדרין ק ב,3809
סנהדרין קא א,3810
סנהדרין קא ב,3811
סנהדרין קב א,3812
סנהדרין קב ב,3813
סנהדרין קג א,3814
סנהדרין קג ב,3815
סנהדרין קד א,3816
סנהדרין קד ב,3817
סנהדרין קה א,3818
סנהדרין קה ב,3819
סנהדרין קו א,3820
סנהדרין קו ב,3821
סנהדרין קז א,3822
סנהדרין קז ב,3823
סנהדרין קח א,3824
סנהדרין קח ב,3825
סנהדרין קט א,3826
סנהדרין קט ב,3827
סנהדרין קי א,3828
סנהדרין קי ב,3829
סנהדרין קיא א,3830
סנהדרין קיא ב,3831
סנהדרין קיב א,3832
סנהדרין קיב ב,3833
סנהדרין קיג א,3834
סנהדרין קיג ב,3835
מכות ב א,3836
מכות ב ב,3837
מכות ג א,3838
מכות ג ב,3839
מכות ד א,3840
מכות ד ב,3841
מכות ה א,3842
מכות ה ב,3843
מכות ו א,3844
מכות ו ב,3845
מכות ז א,3846
מכות ז ב,3847
מכות ח א,3848
מכות ח ב,3849
מכות ט א,3850
מכות ט ב,3851
מכות י א,3852
מכות י ב,3853
מכות יא א,3854
מכות יא ב,3855
מכות יב א,3856
מכות יב ב,3857
מכות יג א,3858
מכות יג ב,3859
מכות יד א,3860
מכות יד ב,3861
מכות טו א,3862
מכות טו ב,3863
מכות טז א,3864
מכות טז ב,3865
מכות יז א,3866
מכות יז ב,3867
מכות יח א,3868
מכות יח ב,3869
מכות יט א,3870
מכות יט ב,3871
מכות כ א,3872
מכות כ ב,3873
מכות כא א,3874
מכות כא ב,3875
מכות כב א,3876
מכות כב ב,3877
מכות כג א,3878
מכות כג ב,3879
מכות כד א,3880
מכות כד ב,3881
שבועות ב א,3882
שבועות ב ב,3883
שבועות ג א,3884
שבועות ג ב,3885
שבועות ד א,3886
שבועות ד ב,3887
שבועות ה א,3888
שבועות ה ב,3889
שבועות ו א,3890
שבועות ו ב,3891
שבועות ז א,3892
שבועות ז ב,3893
שבועות ח א,3894
שבועות ח ב,3895
שבועות ט א,3896
שבועות ט ב,3897
שבועות י א,3898
שבועות י ב,3899
שבועות יא א,3900
שבועות יא ב,3901
שבועות יב א,3902
שבועות יב ב,3903
שבועות יג א,3904
שבועות יג ב,3905
שבועות יד א,3906
שבועות יד ב,3907
שבועות טו א,3908
שבועות טו ב,3909
שבועות טז א,3910
שבועות טז ב,3911
שבועות יז א,3912
שבועות יז ב,3913
שבועות יח א,3914
שבועות יח ב,3915
שבועות יט א,3916
שבועות יט ב,3917
שבועות כ א,3918
שבועות כ ב,3919
שבועות כא א,3920
שבועות כא ב,3921
שבועות כב א,3922
שבועות כב ב,3923
שבועות כג א,3924
שבועות כג ב,3925
שבועות כד א,3926
שבועות כד ב,3927
שבועות כה א,3928
שבועות כה ב,3929
שבועות כו א,3930
שבועות כו ב,3931
שבועות כז א,3932
שבועות כז ב,3933
שבועות כח א,3934
שבועות כח ב,3935
שבועות כט א,3936
שבועות כט ב,3937
שבועות ל א,3938
שבועות ל ב,3939
שבועות לא א,3940
שבועות לא ב,3941
שבועות לב א,3942
שבועות לב ב,3943
שבועות לג א,3944
שבועות לג ב,3945
שבועות לד א,3946
שבועות לד ב,3947
שבועות לה א,3948
שבועות לה ב,3949
שבועות לו א,3950
שבועות לו ב,3951
שבועות לז א,3952
שבועות לז ב,3953
שבועות לח א,3954
שבועות לח ב,3955
שבועות לט א,3956
שבועות לט ב,3957
שבועות מ א,3958
שבועות מ ב,3959
שבועות מא א,3960
שבועות מא ב,3961
שבועות מב א,3962
שבועות מב ב,3963
שבועות מג א,3964
שבועות מג ב,3965
שבועות מד א,3966
שבועות מד ב,3967
שבועות מה א,3968
שבועות מה ב,3969
שבועות מו א,3970
שבועות מו ב,3971
שבועות מז א,3972
שבועות מז ב,3973
שבועות מח א,3974
שבועות מח ב,3975
שבועות מט א,3976
שבועות מט ב,3977
עבודה זרה ב א,3978
עבודה זרה ב ב,3979
עבודה זרה ג א,3980
עבודה זרה ג ב,3981
עבודה זרה ד א,3982
עבודה זרה ד ב,3983
עבודה זרה ה א,3984
עבודה זרה ה ב,3985
עבודה זרה ו א,3986
עבודה זרה ו ב,3987
עבודה זרה ז א,3988
עבודה זרה ז ב,3989
עבודה זרה ח א,3990
עבודה זרה ח ב,3991
עבודה זרה ט א,3992
עבודה זרה ט ב,3993
עבודה זרה י א,3994
עבודה זרה י ב,3995
עבודה זרה יא א,3996
עבודה זרה יא ב,3997
עבודה זרה יב א,3998
עבודה זרה יב ב,3999
עבודה זרה יג א,4000
עבודה זרה יג ב,4001
עבודה זרה יד א,4002
עבודה זרה יד ב,4003
עבודה זרה טו א,4004
עבודה זרה טו ב,4005
עבודה זרה טז א,4006
עבודה זרה טז ב,4007
עבודה זרה יז א,4008
עבודה זרה יז ב,4009
עבודה זרה יח א,4010
עבודה זרה יח ב,4011
עבודה זרה יט א,4012
עבודה זרה יט ב,4013
עבודה זרה כ א,4014
עבודה זרה כ ב,4015
עבודה זרה כא א,4016
עבודה זרה כא ב,4017
עבודה זרה כב א,4018
עבודה זרה כב ב,4019
עבודה זרה כג א,4020
עבודה זרה כג ב,4021
עבודה זרה כד א,4022
עבודה זרה כד ב,4023
עבודה זרה כה א,4024
עבודה זרה כה ב,4025
עבודה זרה כו א,4026
עבודה זרה כו ב,4027
עבודה זרה כז א,4028
עבודה זרה כז ב,4029
עבודה זרה כח א,4030
עבודה זרה כח ב,4031
עבודה זרה כט א,4032
עבודה זרה כט ב,4033
עבודה זרה ל א,4034
עבודה זרה ל ב,4035
עבודה זרה לא א,4036
עבודה זרה לא ב,4037
עבודה זרה לב א,4038
עבודה זרה לב ב,4039
עבודה זרה לג א,4040
עבודה זרה לג ב,4041
עבודה זרה לד א,4042
עבודה זרה לד ב,4043
עבודה זרה לה א,4044
עבודה זרה לה ב,4045
עבודה זרה לו א,4046
עבודה זרה לו ב,4047
עבודה זרה לז א,4048
עבודה זרה לז ב,4049
עבודה זרה לח א,4050
עבודה זרה לח ב,4051
עבודה זרה לט א,4052
עבודה זרה לט ב,4053
עבודה זרה מ א,4054
עבודה זרה מ ב,4055
עבודה זרה מא א,4056
עבודה זרה מא ב,4057
עבודה זרה מב א,4058
עבודה זרה מב ב,4059
עבודה זרה מג א,4060
עבודה זרה מג ב,4061
עבודה זרה מד א,4062
עבודה זרה מד ב,4063
עבודה זרה מה א,4064
עבודה זרה מה ב,4065
עבודה זרה מו א,4066
עבודה זרה מו ב,4067
עבודה זרה מז א,4068
עבודה זרה מז ב,4069
עבודה זרה מח א,4070
עבודה זרה מח ב,4071
עבודה זרה מט א,4072
עבודה זרה מט ב,4073
עבודה זרה נ א,4074
עבודה זרה נ ב,4075
עבודה זרה נא א,4076
עבודה זרה נא ב,4077
עבודה זרה נב א,4078
עבודה זרה נב ב,4079
עבודה זרה נג א,4080
עבודה זרה נג ב,4081
עבודה זרה נד א,4082
עבודה זרה נד ב,4083
עבודה זרה נה א,4084
עבודה זרה נה ב,4085
עבודה זרה נו א,4086
עבודה זרה נו ב,4087
עבודה זרה נז א,4088
עבודה זרה נז ב,4089
עבודה זרה נח א,4090
עבודה זרה נח ב,4091
עבודה זרה נט א,4092
עבודה זרה נט ב,4093
עבודה זרה ס א,4094
עבודה זרה ס ב,4095
עבודה זרה סא א,4096
עבודה זרה סא ב,4097
עבודה זרה סב א,4098
עבודה זרה סב ב,4099
עבודה זרה סג א,4100
עבודה זרה סג ב,4101
עבודה זרה סד א,4102
עבודה זרה סד ב,4103
עבודה זרה סה א,4104
עבודה זרה סה ב,4105
עבודה זרה סו א,4106
עבודה זרה סו ב,4107
עבודה זרה סז א,4108
עבודה זרה סז ב,4109
עבודה זרה סח א,4110
עבודה זרה סח ב,4111
עבודה זרה סט א,4112
עבודה זרה סט ב,4113
עבודה זרה ע א,4114
עבודה זרה ע ב,4115
עבודה זרה עא א,4116
עבודה זרה עא ב,4117
עבודה זרה עב א,4118
עבודה זרה עב ב,4119
עבודה זרה עג א,4120
עבודה זרה עג ב,4121
עבודה זרה עד א,4122
עבודה זרה עד ב,4123
עבודה זרה עה א,4124
עבודה זרה עה ב,4125
עבודה זרה עו א,4126
עבודה זרה עו ב,4127
הוריות ב א,4128
הוריות ב ב,4129
הוריות ג א,4130
הוריות ג ב,4131
הוריות ד א,4132
הוריות ד ב,4133
הוריות ה א,4134
הוריות ה ב,4135
הוריות ו א,4136
הוריות ו ב,4137
הוריות ז א,4138
הוריות ז ב,4139
הוריות ח א,4140
הוריות ח ב,4141
הוריות ט א,4142
הוריות ט ב,4143
הוריות י א,4144
הוריות י ב,4145
הוריות יא א,4146
הוריות יא ב,4147
הוריות יב א,4148
הוריות יב ב,4149
הוריות יג א,4150
הוריות יג ב,4151
הוריות יד א,4152
זבחים ב א,4153
זבחים ב ב,4154
זבחים ג א,4155
זבחים ג ב,4156
זבחים ד א,4157
זבחים ד ב,4158
זבחים ה א,4159
זבחים ה ב,4160
זבחים ו א,4161
זבחים ו ב,4162
זבחים ז א,4163
זבחים ז ב,4164
זבחים ח א,4165
זבחים ח ב,4166
זבחים ט א,4167
זבחים ט ב,4168
זבחים י א,4169
זבחים י ב,4170
זבחים יא א,4171
זבחים יא ב,4172
זבחים יב א,4173
זבחים יב ב,4174
זבחים יג א,4175
זבחים יג ב,4176
זבחים יד א,4177
זבחים יד ב,4178
זבחים טו א,4179
זבחים טו ב,4180
זבחים טז א,4181
זבחים טז ב,4182
זבחים יז א,4183
זבחים יז ב,4184
זבחים יח א,4185
זבחים יח ב,4186
זבחים יט א,4187
זבחים יט ב,4188
זבחים כ א,4189
זבחים כ ב,4190
זבחים כא א,4191
זבחים כא ב,4192
זבחים כב א,4193
זבחים כב ב,4194
זבחים כג א,4195
זבחים כג ב,4196
זבחים כד א,4197
זבחים כד ב,4198
זבחים כה א,4199
זבחים כה ב,4200
זבחים כו א,4201
זבחים כו ב,4202
זבחים כז א,4203
זבחים כז ב,4204
זבחים כח א,4205
זבחים כח ב,4206
זבחים כט א,4207
זבחים כט ב,4208
זבחים ל א,4209
זבחים ל ב,4210
זבחים לא א,4211
זבחים לא ב,4212
זבחים לב א,4213
זבחים לב ב,4214
זבחים לג א,4215
זבחים לג ב,4216
זבחים לד א,4217
זבחים לד ב,4218
זבחים לה א,4219
זבחים לה ב,4220
זבחים לו א,4221
זבחים לו ב,4222
זבחים לז א,4223
זבחים לז ב,4224
זבחים לח א,4225
זבחים לח ב,4226
זבחים לט א,4227
זבחים לט ב,4228
זבחים מ א,4229
זבחים מ ב,4230
זבחים מא א,4231
זבחים מא ב,4232
זבחים מב א,4233
זבחים מב ב,4234
זבחים מג א,4235
זבחים מג ב,4236
זבחים מד א,4237
זבחים מד ב,4238
זבחים מה א,4239
זבחים מה ב,4240
זבחים מו א,4241
זבחים מו ב,4242
זבחים מז א,4243
זבחים מז ב,4244
זבחים מח א,4245
זבחים מח ב,4246
זבחים מט א,4247
זבחים מט ב,4248
זבחים נ א,4249
זבחים נ ב,4250
זבחים נא א,4251
זבחים נא ב,4252
זבחים נב א,4253
זבחים נב ב,4254
זבחים נג א,4255
זבחים נג ב,4256
זבחים נד א,4257
זבחים נד ב,4258
זבחים נה א,4259
זבחים נה ב,4260
זבחים נו א,4261
זבחים נו ב,4262
זבחים נז א,4263
זבחים נז ב,4264
זבחים נח א,4265
זבחים נח ב,4266
זבחים נט א,4267
זבחים נט ב,4268
זבחים ס א,4269
זבחים ס ב,4270
זבחים סא א,4271
זבחים סא ב,4272
זבחים סב א,4273
זבחים סב ב,4274
זבחים סג א,4275
זבחים סג ב,4276
זבחים סד א,4277
זבחים סד ב,4278
זבחים סה א,4279
זבחים סה ב,4280
זבחים סו א,4281
זבחים סו ב,4282
זבחים סז א,4283
זבחים סז ב,4284
זבחים סח א,4285
זבחים סח ב,4286
זבחים סט א,4287
זבחים סט ב,4288
זבחים ע א,4289
זבחים ע ב,4290
זבחים עא א,4291
זבחים עא ב,4292
זבחים עב א,4293
זבחים עב ב,4294
זבחים עג א,4295
זבחים עג ב,4296
זבחים עד א,4297
זבחים עד ב,4298
זבחים עה א,4299
זבחים עה ב,4300
זבחים עו א,4301
זבחים עו ב,4302
זבחים עז א,4303
זבחים עז ב,4304
זבחים עח א,4305
זבחים עח ב,4306
זבחים עט א,4307
זבחים עט ב,4308
זבחים פ א,4309
זבחים פ ב,4310
זבחים פא א,4311
זבחים פא ב,4312
זבחים פב א,4313
זבחים פב ב,4314
זבחים פג א,4315
זבחים פג ב,4316
זבחים פד א,4317
זבחים פד ב,4318
זבחים פה א,4319
זבחים פה ב,4320
זבחים פו א,4321
זבחים פו ב,4322
זבחים פז א,4323
זבחים פז ב,4324
זבחים פח א,4325
זבחים פח ב,4326
זבחים פט א,4327
זבחים פט ב,4328
זבחים צ א,4329
זבחים צ ב,4330
זבחים צא א,4331
זבחים צא ב,4332
זבחים צב א,4333
זבחים צב ב,4334
זבחים צג א,4335
זבחים צג ב,4336
זבחים צד א,4337
זבחים צד ב,4338
זבחים צה א,4339
זבחים צה ב,4340
זבחים צו א,4341
זבחים צו ב,4342
זבחים צז א,4343
זבחים צז ב,4344
זבחים צח א,4345
זבחים צח ב,4346
זבחים צט א,4347
זבחים צט ב,4348
זבחים ק א,4349
זבחים ק ב,4350
זבחים קא א,4351
זבחים קא ב,4352
זבחים קב א,4353
זבחים קב ב,4354
זבחים קג א,4355
זבחים קג ב,4356
זבחים קד א,4357
זבחים קד ב,4358
זבחים קה א,4359
זבחים קה ב,4360
זבחים קו א,4361
זבחים קו ב,4362
זבחים קז א,4363
זבחים קז ב,4364
זבחים קח א,4365
זבחים קח ב,4366
זבחים קט א,4367
זבחים קט ב,4368
זבחים קי א,4369
זבחים קי ב,4370
זבחים קיא א,4371
זבחים קיא ב,4372
זבחים קיב א,4373
זבחים קיב ב,4374
זבחים קיג א,4375
זבחים קיג ב,4376
זבחים קיד א,4377
זבחים קיד ב,4378
זבחים קטו א,4379
זבחים קטו ב,4380
זבחים קטז א,4381
זבחים קטז ב,4382
זבחים קיז א,4383
זבחים קיז ב,4384
זבחים קיח א,4385
זבחים קיח ב,4386
זבחים קיט א,4387
זבחים קיט ב,4388
זבחים קכ א,4389
זבחים קכ ב,4390
מנחות ב א,4391
מנחות ב ב,4392
מנחות ג א,4393
מנחות ג ב,4394
מנחות ד א,4395
מנחות ד ב,4396
מנחות ה א,4397
מנחות ה ב,4398
מנחות ו א,4399
מנחות ו ב,4400
מנחות ז א,4401
מנחות ז ב,4402
מנחות ח א,4403
מנחות ח ב,4404
מנחות ט א,4405
מנחות ט ב,4406
מנחות י א,4407
מנחות י ב,4408
מנחות יא א,4409
מנחות יא ב,4410
מנחות יב א,4411
מנחות יב ב,4412
מנחות יג א,4413
מנחות יג ב,4414
מנחות יד א,4415
מנחות יד ב,4416
מנחות טו א,4417
מנחות טו ב,4418
מנחות טז א,4419
מנחות טז ב,4420
מנחות יז א,4421
מנחות יז ב,4422
מנחות יח א,4423
מנחות יח ב,4424
מנחות יט א,4425
מנחות יט ב,4426
מנחות כ א,4427
מנחות כ ב,4428
מנחות כא א,4429
מנחות כא ב,4430
מנחות כב א,4431
מנחות כב ב,4432
מנחות כג א,4433
מנחות כג ב,4434
מנחות כד א,4435
מנחות כד ב,4436
מנחות כה א,4437
מנחות כה ב,4438
מנחות כו א,4439
מנחות כו ב,4440
מנחות כז א,4441
מנחות כז ב,4442
מנחות כח א,4443
מנחות כח ב,4444
מנחות כט א,4445
מנחות כט ב,4446
מנחות ל א,4447
מנחות ל ב,4448
מנחות לא א,4449
מנחות לא ב,4450
מנחות לב א,4451
מנחות לב ב,4452
מנחות לג א,4453
מנחות לג ב,4454
מנחות לד א,4455
מנחות לד ב,4456
מנחות לה א,4457
מנחות לה ב,4458
מנחות לו א,4459
מנחות לו ב,4460
מנחות לז א,4461
מנחות לז ב,4462
מנחות לח א,4463
מנחות לח ב,4464
מנחות לט א,4465
מנחות לט ב,4466
מנחות מ א,4467
מנחות מ ב,4468
מנחות מא א,4469
מנחות מא ב,4470
מנחות מב א,4471
מנחות מב ב,4472
מנחות מג א,4473
מנחות מג ב,4474
מנחות מד א,4475
מנחות מד ב,4476
מנחות מה א,4477
מנחות מה ב,4478
מנחות מו א,4479
מנחות מו ב,4480
מנחות מז א,4481
מנחות מז ב,4482
מנחות מח א,4483
מנחות מח ב,4484
מנחות מט א,4485
מנחות מט ב,4486
מנחות נ א,4487
מנחות נ ב,4488
מנחות נא א,4489
מנחות נא ב,4490
מנחות נב א,4491
מנחות נב ב,4492
מנחות נג א,4493
מנחות נג ב,4494
מנחות נד א,4495
מנחות נד ב,4496
מנחות נה א,4497
מנחות נה ב,4498
מנחות נו א,4499
מנחות נו ב,4500
מנחות נז א,4501
מנחות נז ב,4502
מנחות נח א,4503
מנחות נח ב,4504
מנחות נט א,4505
מנחות נט ב,4506
מנחות ס א,4507
מנחות ס ב,4508
מנחות סא א,4509
מנחות סא ב,4510
מנחות סב א,4511
מנחות סב ב,4512
מנחות סג א,4513
מנחות סג ב,4514
מנחות סד א,4515
מנחות סד ב,4516
מנחות סה א,4517
מנחות סה ב,4518
מנחות סו א,4519
מנחות סו ב,4520
מנחות סז א,4521
מנחות סז ב,4522
מנחות סח א,4523
מנחות סח ב,4524
מנחות סט א,4525
מנחות סט ב,4526
מנחות ע א,4527
מנחות ע ב,4528
מנחות עא א,4529
מנחות עא ב,4530
מנחות עב א,4531
מנחות עב ב,4532
מנחות עג א,4533
מנחות עג ב,4534
מנחות עד א,4535
מנחות עד ב,4536
מנחות עה א,4537
מנחות עה ב,4538
מנחות עו א,4539
מנחות עו ב,4540
מנחות עז א,4541
מנחות עז ב,4542
מנחות עח א,4543
מנחות עח ב,4544
מנחות עט א,4545
מנחות עט ב,4546
מנחות פ א,4547
מנחות פ ב,4548
מנחות פא א,4549
מנחות פא ב,4550
מנחות פב א,4551
מנחות פב ב,4552
מנחות פג א,4553
מנחות פג ב,4554
מנחות פד א,4555
מנחות פד ב,4556
מנחות פה א,4557
מנחות פה ב,4558
מנחות פו א,4559
מנחות פו ב,4560
מנחות פז א,4561
מנחות פז ב,4562
מנחות פח א,4563
מנחות פח ב,4564
מנחות פט א,4565
מנחות פט ב,4566
מנחות צ א,4567
מנחות צ ב,4568
מנחות צא א,4569
מנחות צא ב,4570
מנחות צב א,4571
מנחות צב ב,4572
מנחות צג א,4573
מנחות צג ב,4574
מנחות צד א,4575
מנחות צד ב,4576
מנחות צה א,4577
מנחות צה ב,4578
מנחות צו א,4579
מנחות צו ב,4580
מנחות צז א,4581
מנחות צז ב,4582
מנחות צח א,4583
מנחות צח ב,4584
מנחות צט א,4585
מנחות צט ב,4586
מנחות ק א,4587
מנחות ק ב,4588
מנחות קא א,4589
מנחות קא ב,4590
מנחות קב א,4591
מנחות קב ב,4592
מנחות קג א,4593
מנחות קג ב,4594
מנחות קד א,4595
מנחות קד ב,4596
מנחות קה א,4597
מנחות קה ב,4598
מנחות קו א,4599
מנחות קו ב,4600
מנחות קז א,4601
מנחות קז ב,4602
מנחות קח א,4603
מנחות קח ב,4604
מנחות קט א,4605
מנחות קט ב,4606
מנחות קי א,4607
חולין ב א,4608
חולין ב ב,4609
חולין ג א,4610
חולין ג ב,4611
חולין ד א,4612
חולין ד ב,4613
חולין ה א,4614
חולין ה ב,4615
חולין ו א,4616
חולין ו ב,4617
חולין ז א,4618
חולין ז ב,4619
חולין ח א,4620
חולין ח ב,4621
חולין ט א,4622
חולין ט ב,4623
חולין י א,4624
חולין י ב,4625
חולין יא א,4626
חולין יא ב,4627
חולין יב א,4628
חולין יב ב,4629
חולין יג א,4630
חולין יג ב,4631
חולין יד א,4632
חולין יד ב,4633
חולין טו א,4634
חולין טו ב,4635
חולין טז א,4636
חולין טז ב,4637
חולין יז א,4638
חולין יז ב,4639
חולין יח א,4640
חולין יח ב,4641
חולין יט א,4642
חולין יט ב,4643
חולין כ א,4644
חולין כ ב,4645
חולין כא א,4646
חולין כא ב,4647
חולין כב א,4648
חולין כב ב,4649
חולין כג א,4650
חולין כג ב,4651
חולין כד א,4652
חולין כד ב,4653
חולין כה א,4654
חולין כה ב,4655
חולין כו א,4656
חולין כו ב,4657
חולין כז א,4658
חולין כז ב,4659
חולין כח א,4660
חולין כח ב,4661
חולין כט א,4662
חולין כט ב,4663
חולין ל א,4664
חולין ל ב,4665
חולין לא א,4666
חולין לא ב,4667
חולין לב א,4668
חולין לב ב,4669
חולין לג א,4670
חולין לג ב,4671
חולין לד א,4672
חולין לד ב,4673
חולין לה א,4674
חולין לה ב,4675
חולין לו א,4676
חולין לו ב,4677
חולין לז א,4678
חולין לז ב,4679
חולין לח א,4680
חולין לח ב,4681
חולין לט א,4682
חולין לט ב,4683
חולין מ א,4684
חולין מ ב,4685
חולין מא א,4686
חולין מא ב,4687
חולין מב א,4688
חולין מב ב,4689
חולין מג א,4690
חולין מג ב,4691
חולין מד א,4692
חולין מד ב,4693
חולין מה א,4694
חולין מה ב,4695
חולין מו א,4696
חולין מו ב,4697
חולין מז א,4698
חולין מז ב,4699
חולין מח א,4700
חולין מח ב,4701
חולין מט א,4702
חולין מט ב,4703
חולין נ א,4704
חולין נ ב,4705
חולין נא א,4706
חולין נא ב,4707
חולין נב א,4708
חולין נב ב,4709
חולין נג א,4710
חולין נג ב,4711
חולין נד א,4712
חולין נד ב,4713
חולין נה א,4714
חולין נה ב,4715
חולין נו א,4716
חולין נו ב,4717
חולין נז א,4718
חולין נז ב,4719
חולין נח א,4720
חולין נח ב,4721
חולין נט א,4722
חולין נט ב,4723
חולין ס א,4724
חולין ס ב,4725
חולין סא א,4726
חולין סא ב,4727
חולין סב א,4728
חולין סב ב,4729
חולין סג א,4730
חולין סג ב,4731
חולין סד א,4732
חולין סד ב,4733
חולין סה א,4734
חולין סה ב,4735
חולין סו א,4736
חולין סו ב,4737
חולין סז א,4738
חולין סז ב,4739
חולין סח א,4740
חולין סח ב,4741
חולין סט א,4742
חולין סט ב,4743
חולין ע א,4744
חולין ע ב,4745
חולין עא א,4746
חולין עא ב,4747
חולין עב א,4748
חולין עב ב,4749
חולין עג א,4750
חולין עג ב,4751
חולין עד א,4752
חולין עד ב,4753
חולין עה א,4754
חולין עה ב,4755
חולין עו א,4756
חולין עו ב,4757
חולין עז א,4758
חולין עז ב,4759
חולין עח א,4760
חולין עח ב,4761
חולין עט א,4762
חולין עט ב,4763
חולין פ א,4764
חולין פ ב,4765
חולין פא א,4766
חולין פא ב,4767
חולין פב א,4768
חולין פב ב,4769
חולין פג א,4770
חולין פג ב,4771
חולין פד א,4772
חולין פד ב,4773
חולין פה א,4774
חולין פה ב,4775
חולין פו א,4776
חולין פו ב,4777
חולין פז א,4778
חולין פז ב,4779
חולין פח א,4780
חולין פח ב,4781
חולין פט א,4782
חולין פט ב,4783
חולין צ א,4784
חולין צ ב,4785
חולין צא א,4786
חולין צא ב,4787
חולין צב א,4788
חולין צב ב,4789
חולין צג א,4790
חולין צג ב,4791
חולין צד א,4792
חולין צד ב,4793
חולין צה א,4794
חולין צה ב,4795
חולין צו א,4796
חולין צו ב,4797
חולין צז א,4798
חולין צז ב,4799
חולין צח א,4800
חולין צח ב,4801
חולין צט א,4802
חולין צט ב,4803
חולין ק א,4804
חולין ק ב,4805
חולין קא א,4806
חולין קא ב,4807
חולין קב א,4808
חולין קב ב,4809
חולין קג א,4810
חולין קג ב,4811
חולין קד א,4812
חולין קד ב,4813
חולין קה א,4814
חולין קה ב,4815
חולין קו א,4816
חולין קו ב,4817
חולין קז א,4818
חולין קז ב,4819
חולין קח א,4820
חולין קח ב,4821
חולין קט א,4822
חולין קט ב,4823
חולין קי א,4824
חולין קי ב,4825
חולין קיא א,4826
חולין קיא ב,4827
חולין קיב א,4828
חולין קיב ב,4829
חולין קיג א,4830
חולין קיג ב,4831
חולין קיד א,4832
חולין קיד ב,4833
חולין קטו א,4834
חולין קטו ב,4835
חולין קטז א,4836
חולין קטז ב,4837
חולין קיז א,4838
חולין קיז ב,4839
חולין קיח א,4840
חולין קיח ב,4841
חולין קיט א,4842
חולין קיט ב,4843
חולין קכ א,4844
חולין קכ ב,4845
חולין קכא א,4846
חולין קכא ב,4847
חולין קכב א,4848
חולין קכב ב,4849
חולין קכג א,4850
חולין קכג ב,4851
חולין קכד א,4852
חולין קכד ב,4853
חולין קכה א,4854
חולין קכה ב,4855
חולין קכו א,4856
חולין קכו ב,4857
חולין קכז א,4858
חולין קכז ב,4859
חולין קכח א,4860
חולין קכח ב,4861
חולין קכט א,4862
חולין קכט ב,4863
חולין קל א,4864
חולין קל ב,4865
חולין קלא א,4866
חולין קלא ב,4867
חולין קלב א,4868
חולין קלב ב,4869
חולין קלג א,4870
חולין קלג ב,4871
חולין קלד א,4872
חולין קלד ב,4873
חולין קלה א,4874
חולין קלה ב,4875
חולין קלו א,4876
חולין קלו ב,4877
חולין קלז א,4878
חולין קלז ב,4879
חולין קלח א,4880
חולין קלח ב,4881
חולין קלט א,4882
חולין קלט ב,4883
חולין קמ א,4884
חולין קמ ב,4885
חולין קמא א,4886
חולין קמא ב,4887
חולין קמב א,4888
בכורות ב א,4889
בכורות ב ב,4890
בכורות ג א,4891
בכורות ג ב,4892
בכורות ד א,4893
בכורות ד ב,4894
בכורות ה א,4895
בכורות ה ב,4896
בכורות ו א,4897
בכורות ו ב,4898
בכורות ז א,4899
בכורות ז ב,4900
בכורות ח א,4901
בכורות ח ב,4902
בכורות ט א,4903
בכורות ט ב,4904
בכורות י א,4905
בכורות י ב,4906
בכורות יא א,4907
בכורות יא ב,4908
בכורות יב א,4909
בכורות יב ב,4910
בכורות יג א,4911
בכורות יג ב,4912
בכורות יד א,4913
בכורות יד ב,4914
בכורות טו א,4915
בכורות טו ב,4916
בכורות טז א,4917
בכורות טז ב,4918
בכורות יז א,4919
בכורות יז ב,4920
בכורות יח א,4921
בכורות יח ב,4922
בכורות יט א,4923
בכורות יט ב,4924
בכורות כ א,4925
בכורות כ ב,4926
בכורות כא א,4927
בכורות כא ב,4928
בכורות כב א,4929
בכורות כב ב,4930
בכורות כג א,4931
בכורות כג ב,4932
בכורות כד א,4933
בכורות כד ב,4934
בכורות כה א,4935
בכורות כה ב,4936
בכורות כו א,4937
בכורות כו ב,4938
בכורות כז א,4939
בכורות כז ב,4940
בכורות כח א,4941
בכורות כח ב,4942
בכורות כט א,4943
בכורות כט ב,4944
בכורות ל א,4945
בכורות ל ב,4946
בכורות לא א,4947
בכורות לא ב,4948
בכורות לב א,4949
בכורות לב ב,4950
בכורות לג א,4951
בכורות לג ב,4952
בכורות לד א,4953
בכורות לד ב,4954
בכורות לה א,4955
בכורות לה ב,4956
בכורות לו א,4957
בכורות לו ב,4958
בכורות לז א,4959
בכורות לז ב,4960
בכורות לח א,4961
בכורות לח ב,4962
בכורות לט א,4963
בכורות לט ב,4964
בכורות מ א,4965
בכורות מ ב,4966
בכורות מא א,4967
בכורות מא ב,4968
בכורות מב א,4969
בכורות מב ב,4970
בכורות מג א,4971
בכורות מג ב,4972
בכורות מד א,4973
בכורות מד ב,4974
בכורות מה א,4975
בכורות מה ב,4976
בכורות מו א,4977
בכורות מו ב,4978
בכורות מז א,4979
בכורות מז ב,4980
בכורות מח א,4981
בכורות מח ב,4982
בכורות מט א,4983
בכורות מט ב,4984
בכורות נ א,4985
בכורות נ ב,4986
בכורות נא א,4987
בכורות נא ב,4988
בכורות נב א,4989
בכורות נב ב,4990
בכורות נג א,4991
בכורות נג ב,4992
בכורות נד א,4993
בכורות נד ב,4994
בכורות נה א,4995
בכורות נה ב,4996
בכורות נו א,4997
בכורות נו ב,4998
בכורות נז א,4999
בכורות נז ב,5000
בכורות נח א,5001
בכורות נח ב,5002
בכורות נט א,5003
בכורות נט ב,5004
בכורות ס א,5005
בכורות ס ב,5006
בכורות סא א,5007
ערכין ב א,5008
ערכין ב ב,5009
ערכין ג א,5010
ערכין ג ב,5011
ערכין ד א,5012
ערכין ד ב,5013
ערכין ה א,5014
ערכין ה ב,5015
ערכין ו א,5016
ערכין ו ב,5017
ערכין ז א,5018
ערכין ז ב,5019
ערכין ח א,5020
ערכין ח ב,5021
ערכין ט א,5022
ערכין ט ב,5023
ערכין י א,5024
ערכין י ב,5025
ערכין יא א,5026
ערכין יא ב,5027
ערכין יב א,5028
ערכין יב ב,5029
ערכין יג א,5030
ערכין יג ב,5031
ערכין יד א,5032
ערכין יד ב,5033
ערכין טו א,5034
ערכין טו ב,5035
ערכין טז א,5036
ערכין טז ב,5037
ערכין יז א,5038
ערכין יז ב,5039
ערכין יח א,5040
ערכין יח ב,5041
ערכין יט א,5042
ערכין יט ב,5043
ערכין כ א,5044
ערכין כ ב,5045
ערכין כא א,5046
ערכין כא ב,5047
ערכין כב א,5048
ערכין כב ב,5049
ערכין כג א,5050
ערכין כג ב,5051
ערכין כד א,5052
ערכין כד ב,5053
ערכין כה א,5054
ערכין כה ב,5055
ערכין כו א,5056
ערכין כו ב,5057
ערכין כז א,5058
ערכין כז ב,5059
ערכין כח א,5060
ערכין כח ב,5061
ערכין כט א,5062
ערכין כט ב,5063
ערכין ל א,5064
ערכין ל ב,5065
ערכין לא א,5066
ערכין לא ב,5067
ערכין לב א,5068
ערכין לב ב,5069
ערכין לג א,5070
ערכין לג ב,5071
ערכין לד א,5072
תמורה ב א,5073
תמורה ב ב,5074
תמורה ג א,5075
תמורה ג ב,5076
תמורה ד א,5077
תמורה ד ב,5078
תמורה ה א,5079
תמורה ה ב,5080
תמורה ו א,5081
תמורה ו ב,5082
תמורה ז א,5083
תמורה ז ב,5084
תמורה ח א,5085
תמורה ח ב,5086
תמורה ט א,5087
תמורה ט ב,5088
תמורה י א,5089
תמורה י ב,5090
תמורה יא א,5091
תמורה יא ב,5092
תמורה יב א,5093
תמורה יב ב,5094
תמורה יג א,5095
תמורה יג ב,5096
תמורה יד א,5097
תמורה יד ב,5098
תמורה טו א,5099
תמורה טו ב,5100
תמורה טז א,5101
תמורה טז ב,5102
תמורה יז א,5103
תמורה יז ב,5104
תמורה יח א,5105
תמורה יח ב,5106
תמורה יט א,5107
תמורה יט ב,5108
תמורה כ א,5109
תמורה כ ב,5110
תמורה כא א,5111
תמורה כא ב,5112
תמורה כב א,5113
תמורה כב ב,5114
תמורה כג א,5115
תמורה כג ב,5116
תמורה כד א,5117
תמורה כד ב,5118
תמורה כה א,5119
תמורה כה ב,5120
תמורה כו א,5121
תמורה כו ב,5122
תמורה כז א,5123
תמורה כז ב,5124
תמורה כח א,5125
תמורה כח ב,5126
תמורה כט א,5127
תמורה כט ב,5128
תמורה ל א,5129
תמורה ל ב,5130
תמורה לא א,5131
תמורה לא ב,5132
תמורה לב א,5133
תמורה לב ב,5134
תמורה לג א,5135
תמורה לג ב,5136
תמורה לד א,5137
כריתות ב א,5138
כריתות ב ב,5139
כריתות ג א,5140
כריתות ג ב,5141
כריתות ד א,5142
כריתות ד ב,5143
כריתות ה א,5144
כריתות ה ב,5145
כריתות ו א,5146
כריתות ו ב,5147
כריתות ז א,5148
כריתות ז ב,5149
כריתות ח א,5150
כריתות ח ב,5151
כריתות ט א,5152
כריתות ט ב,5153
כריתות י א,5154
כריתות י ב,5155
כריתות יא א,5156
כריתות יא ב,5157
כריתות יב א,5158
כריתות יב ב,5159
כריתות יג א,5160
כריתות יג ב,5161
כריתות יד א,5162
כריתות יד ב,5163
כריתות טו א,5164
כריתות טו ב,5165
כריתות טז א,5166
כריתות טז ב,5167
כריתות יז א,5168
כריתות יז ב,5169
כריתות יח א,5170
כריתות יח ב,5171
כריתות יט א,5172
כריתות יט ב,5173
כריתות כ א,5174
כריתות כ ב,5175
כריתות כא א,5176
כריתות כא ב,5177
כריתות כב א,5178
כריתות כב ב,5179
כריתות כג א,5180
כריתות כג ב,5181
כריתות כד א,5182
כריתות כד ב,5183
כריתות כה א,5184
כריתות כה ב,5185
כריתות כו א,5186
כריתות כו ב,5187
כריתות כז א,5188
כריתות כז ב,5189
כריתות כח א,5190
כריתות כח ב,5191
מעילה ב א,5192
מעילה ב ב,5193
מעילה ג א,5194
מעילה ג ב,5195
מעילה ד א,5196
מעילה ד ב,5197
מעילה ה א,5198
מעילה ה ב,5199
מעילה ו א,5200
מעילה ו ב,5201
מעילה ז א,5202
מעילה ז ב,5203
מעילה ח א,5204
מעילה ח ב,5205
מעילה ט א,5206
מעילה ט ב,5207
מעילה י א,5208
מעילה י ב,5209
מעילה יא א,5210
מעילה יא ב,5211
מעילה יב א,5212
מעילה יב ב,5213
מעילה יג א,5214
מעילה יג ב,5215
מעילה יד א,5216
מעילה יד ב,5217
מעילה טו א,5218
מעילה טו ב,5219
מעילה טז א,5220
מעילה טז ב,5221
מעילה יז א,5222
מעילה יז ב,5223
מעילה יח א,5224
מעילה יח ב,5225
מעילה יט א,5226
מעילה יט ב,5227
מעילה כ א,5228
מעילה כ ב,5229
מעילה כא א,5230
מעילה כא ב,5231
מעילה כב א,5232
קנים ב א,5232
קנים ב ב,5234
קנים ג א,5235
קנים ג ב,5236
קנים ד א,5237
קנים ד ב,5238
תמיד ב א,5239
תמיד ב ב,5240
תמיד ג א,5241
תמיד ג ב,5242
תמיד ד א,5243
תמיד ד ב,5244
תמיד ה א,5245
תמיד ה ב,5246
תמיד ו א,5247
תמיד ו ב,5248
תמיד ז א,5249
תמיד ז ב,5250
תמיד ח א,5251
תמיד ח ב,5252
תמיד ט א,5253
תמיד ט ב,5254
תמיד י א,5255
מידות ב א,5256
מידות ב ב,5257
מידות ג א,5258
מידות ג ב,5259
מידות ד א,5260
מידות ד ב,5261
מידות ה א,5262
מידות ה ב,5263
נדה ב א,5264
נדה ב ב,5265
נדה ג א,5266
נדה ג ב,5267
נדה ד א,5268
נדה ד ב,5269
נדה ה א,5270
נדה ה ב,5271
נדה ו א,5272
נדה ו ב,5273
נדה ז א,5274
נדה ז ב,5275
נדה ח א,5276
נדה ח ב,5277
נדה ט א,5278
נדה ט ב,5279
נדה י א,5280
נדה י ב,5281
נדה יא א,5282
נדה יא ב,5283
נדה יב א,5284
נדה יב ב,5285
נדה יג א,5286
נדה יג ב,5287
נדה יד א,5288
נדה יד ב,5289
נדה טו א,5290
נדה טו ב,5291
נדה טז א,5292
נדה טז ב,5293
נדה יז א,5294
נדה יז ב,5295
נדה יח א,5296
נדה יח ב,5297
נדה יט א,5298
נדה יט ב,5299
נדה כ א,5300
נדה כ ב,5301
נדה כא א,5302
נדה כא ב,5303
נדה כב א,5304
נדה כב ב,5305
נדה כג א,5306
נדה כג ב,5307
נדה כד א,5308
נדה כד ב,5309
נדה כה א,5310
נדה כה ב,5311
נדה כו א,5312
נדה כו ב,5313
נדה כז א,5314
נדה כז ב,5315
נדה כח א,5316
נדה כח ב,5317
נדה כט א,5318
נדה כט ב,5319
נדה ל א,5320
נדה ל ב,5321
נדה לא א,5322
נדה לא ב,5323
נדה לב א,5324
נדה לב ב,5325
נדה לג א,5326
נדה לג ב,5327
נדה לד א,5328
נדה לד ב,5329
נדה לה א,5330
נדה לה ב,5331
נדה לו א,5332
נדה לו ב,5333
נדה לז א,5334
נדה לז ב,5335
נדה לח א,5336
נדה לח ב,5337
נדה לט א,5338
נדה לט ב,5339
נדה מ א,5340
נדה מ ב,5341
נדה מא א,5342
נדה מא ב,5343
נדה מב א,5344
נדה מב ב,5345
נדה מג א,5346
נדה מג ב,5347
נדה מד א,5348
נדה מד ב,5349
נדה מה א,5350
נדה מה ב,5351
נדה מו א,5352
נדה מו ב,5353
נדה מז א,5354
נדה מז ב,5355
נדה מח א,5356
נדה מח ב,5357
נדה מט א,5358
נדה מט ב,5359
נדה נ א,5360
נדה נ ב,5361
נדה נא א,5362
נדה נא ב,5363
נדה נב א,5364
נדה נב ב,5365
נדה נג א,5366
נדה נג ב,5367
נדה נד א,5368
נדה נד ב,5369
נדה נה א,5370
נדה נה ב,5371
נדה נו א,5372
נדה נו ב,5373
נדה נז א,5374
נדה נז ב,5375
נדה נח א,5376
נדה נח ב,5377
נדה נט א,5378
נדה נט ב,5379
נדה ס א,5380
נדה ס ב,5381
נדה סא א,5382
נדה סא ב,5383
נדה סב א,5384
נדה סב ב,5385
נדה סג א,5386
נדה סג ב,5387
נדה סד א,5388
נדה סד ב,5389
נדה סה א,5390
נדה סה ב,5391
נדה סו א,5392
נדה סו ב,5393
נדה סז א,5394
נדה סז ב,5395
נדה סח א,5396
נדה סח ב,5397
נדה סט א,5398
נדה סט ב,5399
נדה ע א,5400
נדה ע ב,5401
נדה עא א,5402
נדה עא ב,5403
נדה עב א,5404
נדה עב ב,5405
נדה עג א,5406
נדה עג ב,5407
